-- --------------------------------------------------------
-- Host:                         127.0.0.1
-- Server version:               11.1.2-MariaDB - mariadb.org binary distribution
-- Server OS:                    Win64
-- HeidiSQL Version:             12.3.0.6589
-- --------------------------------------------------------

/*!40101 SET @OLD_CHARACTER_SET_CLIENT=@@CHARACTER_SET_CLIENT */;
/*!40101 SET NAMES utf8 */;
/*!50503 SET NAMES utf8mb4 */;
/*!40103 SET @OLD_TIME_ZONE=@@TIME_ZONE */;
/*!40103 SET TIME_ZONE='+00:00' */;
/*!40014 SET @OLD_FOREIGN_KEY_CHECKS=@@FOREIGN_KEY_CHECKS, FOREIGN_KEY_CHECKS=0 */;
/*!40101 SET @OLD_SQL_MODE=@@SQL_MODE, SQL_MODE='NO_AUTO_VALUE_ON_ZERO' */;
/*!40111 SET @OLD_SQL_NOTES=@@SQL_NOTES, SQL_NOTES=0 */;


-- Dumping database structure for shopping-app
CREATE DATABASE IF NOT EXISTS `shopping-app` /*!40100 DEFAULT CHARACTER SET latin1 COLLATE latin1_swedish_ci */;
USE `shopping-app`;

-- Dumping structure for table shopping-app.customer
CREATE TABLE IF NOT EXISTS `customer` (
  `cust_id` bigint(20) NOT NULL AUTO_INCREMENT,
  `address` varchar(250) NOT NULL,
  `email` varchar(150) DEFAULT NULL,
  `cust_name` varchar(150) NOT NULL,
  `phone` varchar(15) NOT NULL,
  PRIMARY KEY (`cust_id`),
  UNIQUE KEY `UK_dwk6cx0afu8bs9o4t536v1j5v` (`email`)
) ENGINE=InnoDB AUTO_INCREMENT=201 DEFAULT CHARSET=latin1 COLLATE=latin1_swedish_ci;

-- Dumping data for table shopping-app.customer: ~200 rows (approximately)
DELETE FROM `customer`;
INSERT INTO `customer` (`cust_id`, `address`, `email`, `cust_name`, `phone`) VALUES
	(1, '0992 Dalton Extension, Caseyberg, MO 99301', 'sergio.nienow@yahoo.com', 'Santo Pfannerstill and Sons', '818.731.2502'),
	(2, '688 Kuhn Fall, Frediaberg, NJ 70827', 'gaylord.mckenzie@yahoo.com', 'Many Dibbert Group', '863.316.6629'),
	(3, '71482 Deonna Crossroad, Aufderharview, FL 26037', 'steve.breitenberg@gmail.com', 'Codi Paucek', '1-682-914-9131'),
	(4, '5048 Schaden Plains, North Stephanfort, AZ 48260', 'burl.orn@hotmail.com', 'Daren Kerluke', '864-567-2506'),
	(5, 'Apt. 390 240 Collins Ramp, South Donettehaven, WY 12381', 'charlie.koelpin@hotmail.com', 'Ms. Sherlyn Mayert', '630.781.6359'),
	(6, '733 Wilhemina Ports, New Rosamond, KS 68188', 'verna.will@gmail.com', 'Harrison Daniel', '972-719-4229'),
	(7, '097 Pamella Island, Lake Deloras, MS 41063', 'jim.stracke@gmail.com', 'Lesley King', '(847) 219-2327'),
	(8, 'Suite 495 31239 Simonis Groves, Wittinghaven, IA 82618', 'joline.dooley@gmail.com', 'Angel Cormier', '(910) 283-3538'),
	(9, 'Suite 971 8603 Lucius Villages, North Codyshire, CA 00400', 'pok.cole@yahoo.com', 'Nannie Pagac and Sons', '207-612-6148'),
	(10, '6152 Quigley Loaf, Connellyborough, WA 98064', 'tosha.denesik@gmail.com', 'Lucinda Metz', '707-908-6000'),
	(11, '70268 Kerri Coves, Uptontown, WA 51929', 'jarrod.flatley@hotmail.com', 'Georgeann Rolfson', '1-713-720-9425'),
	(12, '7503 Jamaal Forest, Port Deanaburgh, UT 45005', 'ned.beahan@yahoo.com', 'Gretta Torp', '(515) 412-3383'),
	(13, 'Suite 889 12858 Murray Corner, East Shayport, ND 83360', 'mario.moore@gmail.com', 'Terrell Kohler', '(307) 774-3670'),
	(14, '580 Le Field, Huelsborough, ND 47597', 'dallas.gutkowski@yahoo.com', 'Berry Rempel and Sons', '1-307-816-7648'),
	(15, '2500 Dominic Meadow, Malcomview, UT 22062', 'terrence.hartmann@hotmail.com', 'Efren Zulauf', '207-812-2195'),
	(16, 'Apt. 880 00739 Schoen Gateway, Port Suzannamouth, VT 07519', 'leeann.hintz@hotmail.com', 'Milo Boehm', '(916) 412-4195'),
	(17, 'Suite 725 22837 Dexter Ridge, Staciberg, RI 48095', 'neil.steuber@hotmail.com', 'Timmy Trantow', '(412) 435-0733'),
	(18, 'Apt. 501 73080 Ignacio Stream, New Fletcherbury, IA 67896', 'ruben.marks@yahoo.com', 'Hollis Walker', '(508) 703-3947'),
	(19, 'Apt. 181 61410 Romaguera Ports, Port Leena, HI 12649', 'brianna.oconnell@hotmail.com', 'Von Simonis', '(660) 847-7681'),
	(20, '8332 Dare Stravenue, Sheashire, AR 08519', 'lynn.braun@gmail.com', 'Mrs. Marivel Adams', '630.724.9965'),
	(21, 'Suite 400 08240 Rashad Inlet, New Terrance, CO 50445', 'stephaine.lynch@hotmail.com', 'Mel Keebler Inc', '1-402-402-0729'),
	(22, '7149 Lueilwitz Crescent, Ziemannmouth, ND 44732', 'angel.anderson@yahoo.com', 'Ms. Porter Rodriguez', '631-405-5282'),
	(23, '74979 Jordon Stream, Lake Claude, WV 67832', 'johnsie.mitchell@hotmail.com', 'Cornelius Schroeder Group', '(316) 540-5717'),
	(24, '46691 Maggio Mountains, East Tybury, AR 48868', 'napoleon.king@yahoo.com', 'Bessie Quigley', '252-616-9435'),
	(25, 'Apt. 377 42687 Nia Path, Port Willieville, SC 75106', 'rickie.leffler@hotmail.com', 'Deloras Effertz', '(909) 224-3628'),
	(26, 'Suite 627 69038 Noelia Centers, Joselynside, KY 27119', 'marcellus.ryan@yahoo.com', 'Syreeta Runolfsdottir', '415-720-6889'),
	(27, '935 Nenita Knolls, North Jenee, KS 09153', 'eden.robel@hotmail.com', 'Dr. Siu Mayert', '(330) 507-4723'),
	(28, 'Apt. 763 295 Adelina Forks, Tondachester, KY 21478', 'jerrold.jenkins@gmail.com', 'Vito Wiegand Inc', '(253) 557-4119'),
	(29, 'Suite 765 703 Hickle Island, North Harrietmouth, AR 41539', 'chester.lehner@yahoo.com', 'Jordon Ritchie', '702.712.0783'),
	(30, '114 Shelly Forks, Schowalterhaven, SC 13906', 'lonny.konopelski@gmail.com', 'Meghan Klein', '1-806-464-3066'),
	(31, 'Suite 443 68163 Hayes Vista, New Chara, SC 01702', 'esmeralda.davis@yahoo.com', 'Tamar Cronin', '585-479-7879'),
	(32, '56249 Antonietta Haven, Baumbachburgh, AR 18945', 'aron.adams@hotmail.com', 'Dr. Alonzo Wolf', '(302) 862-3625'),
	(33, 'Suite 109 35786 Mayert Motorway, Bunnystad, SC 64948', 'aaron.strosin@hotmail.com', 'Reyes Willms', '(828) 317-7769'),
	(34, '036 Thompson Walks, South Jesusborough, NY 66879', 'flo.conroy@gmail.com', 'Ray Buckridge', '917.864.0946'),
	(35, 'Suite 735 598 Hilpert Islands, West Koreyfurt, PA 12159', 'molly.bergnaum@yahoo.com', 'Ellen Farrell', '267.763.3085'),
	(36, 'Apt. 596 283 Santina Drive, West Demetria, TN 70210', 'molly.ruecker@hotmail.com', 'Zachariah Jacobson', '763.662.2242'),
	(37, 'Apt. 107 820 Clyde Manors, New Jesusmouth, AR 27070', 'carlton.goyette@hotmail.com', 'Tamela Considine', '1-716-843-2714'),
	(38, '1884 Schinner Brooks, Hillaryville, IA 95777', 'rodolfo.medhurst@yahoo.com', 'Carrol Hauck', '1-410-978-2533'),
	(39, 'Apt. 563 81220 Lakin Falls, West Melisaport, RI 59444', 'kareen.stanton@hotmail.com', 'Adelaide Yundt', '(763) 205-4982'),
	(40, '1888 Winfred Cliff, Lake Jeanieborough, AZ 78477', 'willy.king@hotmail.com', 'Regena Glover', '352-716-3802'),
	(41, '80595 Francisco Curve, Aufderharmouth, NC 60727', 'merideth.kuhlman@hotmail.com', 'Alfonzo Fahey', '1-858-207-5560'),
	(42, '972 Kassulke Forge, South Yajairaview, FL 76320', 'angella.beatty@yahoo.com', 'Tawana Stehr', '(573) 224-0149'),
	(43, 'Suite 515 8541 Tynisha Drives, Ortizton, RI 89917', 'angelena.huels@hotmail.com', 'Lonny Cormier', '925.860.6500'),
	(44, '0754 Denesik Avenue, West Peg, GA 94941', 'rod.beatty@gmail.com', 'Brice Crooks', '563-310-3709'),
	(45, 'Suite 120 7395 Windler Landing, Sammyburgh, DE 81421', 'georgiann.cormier@hotmail.com', 'Wally Daniel', '435-503-6169'),
	(46, '501 Mario Glens, Labadieton, NV 58657', 'howard.grimes@yahoo.com', 'Scotty Bechtelar', '1-219-618-6524'),
	(47, 'Suite 317 64807 Schaden Roads, Richardview, NY 68055', 'tereasa.prosacco@hotmail.com', 'Everett Gottlieb', '1-802-660-0213'),
	(48, 'Apt. 510 87303 German Plain, Romagueraport, WI 95074', 'stacey.mccullough@gmail.com', 'Keenan Weimann', '1-931-309-0861'),
	(49, '92278 Hessel River, Brandontown, OR 53340', 'fernando.ondricka@hotmail.com', 'Dagny Yundt Group', '(731) 915-4290'),
	(50, '7564 Herzog View, East Brianside, WI 08859', 'willian.ernser@hotmail.com', 'Nick Walter', '1-410-425-7361'),
	(51, '57283 Dewey Street, South Hubert, MD 41694', 'adelina.mante@hotmail.com', 'Leslie Feeney', '(908) 757-9402'),
	(52, 'Suite 857 688 Elmer Estates, Ryanside, WY 51089', 'mei.kilback@gmail.com', 'Otis Bergstrom', '1-321-513-3243'),
	(53, 'Apt. 833 63732 Melaine Plain, South Ladonna, TN 89016', 'randal.gerlach@gmail.com', 'Dominic Huels LLC', '785.360.3925'),
	(54, 'Apt. 722 492 Adams Plaza, North Iliana, IN 37564', 'shauna.mayer@gmail.com', 'Miss Regena Prohaska', '1-806-310-1272'),
	(55, '7479 Tremblay Alley, East Danielefurt, HI 17953', 'casandra.gerhold@gmail.com', 'Micah Armstrong Group', '1-765-610-4034'),
	(56, '11645 Kutch Manor, Simonisberg, RI 66803', 'ming.gislason@hotmail.com', 'Kermit Yost Group', '1-404-630-2305'),
	(57, '699 Stehr Estate, West Kathrynport, UT 76677', 'hilton.hahn@yahoo.com', 'Dr. Jess Wunsch', '1-254-540-5726'),
	(58, 'Apt. 606 590 Williamson Dale, New Guillermo, TN 40731', 'rosalba.dietrich@yahoo.com', 'Nanci Denesik', '1-864-480-0148'),
	(59, '47159 Keebler Lodge, South Hollisbury, KS 21516', 'elsie.kuphal@gmail.com', 'Arianna Reinger', '1-626-772-0196'),
	(60, '4165 Eileen Stravenue, Port Yunburgh, WI 03348', 'joey.huels@gmail.com', 'Kermit Yost', '504-806-1729'),
	(61, '24831 Dora Shoal, Port Annalee, NV 18493', 'samella.hamill@gmail.com', 'Cheyenne Jacobson', '862.931.5942'),
	(62, '5027 Harriette Roads, Luettgenstad, MS 48274', 'regena.von@yahoo.com', 'Mrs. Kalyn Deckow', '(917) 847-0735'),
	(63, '2003 Georgiana Heights, South Isabellview, KY 83129', 'miesha.flatley@gmail.com', 'Dr. Laurena Kemmer', '(406) 646-7617'),
	(64, '44804 Henrietta Ville, Pfannerstillborough, NE 24187', 'winter.ziemann@yahoo.com', 'Alvaro Toy', '571-510-1018'),
	(65, 'Apt. 568 73617 Marquardt Pike, South Eugenia, HI 53567', 'scott.ziemann@gmail.com', 'Georgianna Keeling', '662-484-9120'),
	(66, '3512 Avery Spring, Lake Kristan, NJ 96454', 'tillie.blanda@gmail.com', 'Alfredo Spencer', '1-303-405-7189'),
	(67, '383 Romona Ramp, Hammesshire, MI 94571', 'tyron.mertz@hotmail.com', 'Shonna Sipes', '858.304.4045'),
	(68, 'Suite 508 914 Ashley Ridge, Beattyburgh, CT 97971', 'ena.wuckert@hotmail.com', 'Miss Emory Hickle', '1-775-218-2291'),
	(69, '7705 Donnelly Fork, Tondachester, MI 86255', 'luciana.muller@hotmail.com', 'Miss Haywood Bauch', '(850) 863-2941'),
	(70, 'Suite 654 407 Lamar Union, East Harrymouth, NM 46193', 'elroy.swift@yahoo.com', 'Reginia Wisoky', '1-262-567-0130'),
	(71, '96092 Wiza Passage, Danielfort, NJ 46767', 'agnus.mosciski@yahoo.com', 'Patrica Watsica', '863-516-6186'),
	(72, 'Apt. 760 508 Jimmy Springs, North Leroytown, NH 37668', 'josue.hilpert@yahoo.com', 'Starr Fisher', '(478) 928-0872'),
	(73, 'Apt. 494 1375 Schroeder Valleys, Cleobury, NY 30191', 'ena.yost@hotmail.com', 'Ms. Exie Hettinger', '1-501-410-2200'),
	(74, 'Suite 800 76069 Johnnie Prairie, South Wynellstad, OH 80111', 'chelsea.wolf@gmail.com', 'Dino Schulist', '985-937-1736'),
	(75, '13693 Xiomara Gateway, Sidfurt, MA 95692', 'frederick.bednar@hotmail.com', 'Ms. Nolan Konopelski', '234-202-0186'),
	(76, 'Apt. 810 4043 Brant Mill, Ushaside, NY 35176', 'claudia.brekke@gmail.com', 'Mrs. Mayra Mraz', '228.917.2877'),
	(77, '17490 Janie Union, Haleyview, NE 73830', 'thomasena.nienow@yahoo.com', 'Winford Prosacco', '1-308-423-1719'),
	(78, 'Suite 329 7635 Raelene Mews, Botsfordton, HI 55573', 'anastacia.king@gmail.com', 'Augustine Gleichner', '(719) 219-7641'),
	(79, 'Suite 364 1951 Cole Way, Heaneytown, ND 87009', 'spencer.nolan@hotmail.com', 'Michal Gutmann and Sons', '1-903-862-0063'),
	(80, 'Suite 630 13001 Heriberto Highway, North Hyoville, NM 76611', 'demetrius.hintz@hotmail.com', 'Phebe Fritsch', '1-989-410-6262'),
	(81, 'Suite 181 0090 Jarod Ramp, North Mose, AK 33531', 'tiesha.langworth@gmail.com', 'Curtis Swaniawski Inc', '(208) 512-3307'),
	(82, 'Suite 458 18371 Heathcote Mountains, South Enriqueshire, MO 11522', 'rosanna.turcotte@hotmail.com', 'Vernice Hane', '316-904-3846'),
	(83, '471 Ollie Tunnel, Port Arianne, AZ 55001', 'kallie.douglas@gmail.com', 'Miss Shannon Legros', '352.814.6272'),
	(84, 'Suite 819 5043 Lubowitz Brooks, Leroymouth, NH 19621', 'alphonso.dubuque@hotmail.com', 'Carlton Pfannerstill LLC', '1-646-919-9602'),
	(85, 'Suite 198 6487 Darryl Knolls, Stantonshire, NH 94542', 'rosenda.maggio@hotmail.com', 'Richie Murray', '501-503-0191'),
	(86, 'Apt. 427 607 Cruickshank Drive, Marhtabury, MI 98725', 'corrina.klein@gmail.com', 'Byron McGlynn', '414.304.1127'),
	(87, 'Apt. 190 908 Dannie Stream, Ortizchester, NY 58091', 'thalia.halvorson@hotmail.com', 'Buck Schiller', '(662) 706-8975'),
	(88, 'Apt. 816 46180 Ernser Plaza, Wendiefurt, WA 75980', 'derick.ledner@hotmail.com', 'Amos Gerhold', '424.405.3554'),
	(89, '19688 Towne Mountain, Weldonfurt, PA 67291', 'regena.grimes@gmail.com', 'Mrs. Jayne Bruen', '1-714-213-7985'),
	(90, 'Suite 560 93569 Dorinda Parkway, Port Errolhaven, TN 36167', 'harris.jerde@gmail.com', 'Mr. Irvin Welch', '(351) 231-2269'),
	(91, '8778 Harris Islands, Larsonside, TX 24938', 'latoria.quigley@hotmail.com', 'Melonie Dietrich', '415.215.3008'),
	(92, 'Suite 536 9086 Ernser Flats, West Nathanael, WA 85335', 'arleen.kerluke@gmail.com', 'Dr. Jama Trantow', '1-901-464-6523'),
	(93, 'Apt. 518 11826 Lynch Avenue, Luettgenborough, RI 99838', 'ellie.herzog@yahoo.com', 'Lazaro Huel and Sons', '(351) 605-1223'),
	(94, '66469 Paucek Valley, Elverabury, UT 44489', 'federico.dach@yahoo.com', 'Dian Lubowitz', '731-972-4550'),
	(95, '236 Hiram Tunnel, Jacobsview, HI 53400', 'delmer.daugherty@yahoo.com', 'Mitch Stehr', '518.734.9636'),
	(96, 'Suite 429 5000 Dania Island, Schowalterbury, RI 67969', 'maureen.collins@hotmail.com', 'Brendan Hudson', '1-231-413-5607'),
	(97, 'Suite 904 526 Halvorson Roads, North Cortez, NE 92608', 'jospeh.jacobs@hotmail.com', 'Jose Dooley', '(815) 501-0356'),
	(98, 'Apt. 256 45364 Bridget Corner, Abbottborough, MI 20320', 'troy.douglas@hotmail.com', 'Shirely Koepp', '515.505.7206'),
	(99, 'Apt. 125 351 Bartell Junction, New Arthurshire, WI 28925', 'dustin.jast@gmail.com', 'Romelia Blick', '815-224-2237'),
	(100, 'Apt. 793 53122 Luettgen Lodge, Derickton, GA 74532', 'margarita.boyle@yahoo.com', 'Rebecka Bailey and Sons', '916-408-7261'),
	(101, '1393 Hermiston Fields, Torpton, SC 77656', 'tobias.beatty@hotmail.com', 'Gil Wuckert', '267.667.5421'),
	(102, '91377 Mathilda Underpass, South Kermitview, LA 32353', 'jerold.fay@gmail.com', 'Miss Kory Kshlerin', '209-878-1817'),
	(103, '4911 Orn Point, North Andrea, OH 25625', 'leandra.gutkowski@yahoo.com', 'Kayleigh Russel and Sons', '210.304.7600'),
	(104, 'Apt. 518 103 Tromp Flat, Port Ceolaland, SC 31358', 'serafina.johns@yahoo.com', 'Sonia Kuphal', '(910) 540-9875'),
	(105, '3328 Victorina Court, North Alonso, ME 54122', 'misha.braun@yahoo.com', 'Barry Beahan', '214-281-7117'),
	(106, 'Apt. 619 935 Sherman Estates, Kshlerinborough, NY 40774', 'buddy.ferry@hotmail.com', 'Maryrose Crooks', '609.617.0207'),
	(107, 'Suite 108 8694 Xavier Fields, Bufordtown, TX 17882', 'oscar.schmitt@hotmail.com', 'Gertie Nitzsche', '1-229-805-7097'),
	(108, 'Suite 392 5332 Ronnie Fields, Port Mahaliaberg, WY 67505', 'danny.upton@hotmail.com', 'Margo Schmidt', '1-408-682-5924'),
	(109, 'Suite 649 30154 Lind Pine, West Allan, RI 32432', 'ebonie.cole@gmail.com', 'Columbus Stiedemann', '660-464-9758'),
	(110, 'Apt. 302 128 Dicki Coves, Port Tessshire, NE 14870', 'billy.veum@gmail.com', 'Bart Ledner', '276-925-2221'),
	(111, '0922 Natacha Vista, Gibsonmouth, WV 39864', 'mamie.mccullough@gmail.com', 'Gaylord Langosh', '407-870-5331'),
	(112, 'Apt. 293 1738 Sipes Pine, East Jadwigaport, LA 02005', 'maryland.bartoletti@gmail.com', 'Opal MacGyver', '1-404-516-9857'),
	(113, 'Suite 470 372 Nickolas Common, Mahalialand, IA 81104', 'ruthe.boehm@hotmail.com', 'Anita Wunsch', '1-239-909-5801'),
	(114, '27038 Gutmann Skyway, Murrayburgh, CT 95202', 'robbyn.little@yahoo.com', 'Nana Gerhold LLC', '603.989.0168'),
	(115, '4938 Phillip Road, North Stephanburgh, MD 32680', 'marlon.swaniawski@hotmail.com', 'Orval Leannon', '1-323-682-7373'),
	(116, 'Apt. 512 929 Sina Isle, South Dorrisstad, CT 06750', 'isaias.beer@yahoo.com', 'Francisco Jast', '608-717-2796'),
	(117, '233 Sunday Extensions, South Lou, OK 04807', 'michael.mills@gmail.com', 'Corey Thiel and Sons', '1-813-718-6551'),
	(118, '74395 Shelia Forest, Fadelhaven, FL 49782', 'rolf.emard@gmail.com', 'Vito Kovacek', '1-781-225-1047'),
	(119, 'Suite 183 23448 Hills Stravenue, South Jamel, ND 28325', 'thomas.frami@hotmail.com', 'Timmy Schulist', '(253) 928-2338'),
	(120, 'Suite 525 3633 Elwood Throughway, Hansenmouth, GA 33819', 'carletta.mcglynn@gmail.com', 'Burma Tillman', '(678) 975-2841'),
	(121, 'Apt. 343 6387 Cherly Wells, Desmondview, ME 52019', 'adena.durgan@yahoo.com', 'Daniela Kuvalis', '(614) 941-8881'),
	(122, 'Suite 315 34588 Zachary Union, Wendyville, MT 87836', 'vernetta.toy@gmail.com', 'Rosendo Schowalter', '202.570.6707'),
	(123, 'Apt. 560 488 Michal Manors, Port Frank, WV 49585', 'janise.maggio@hotmail.com', 'Miquel Donnelly', '(208) 267-1675'),
	(124, 'Suite 311 2890 Grant Manor, Emeritaland, AL 56603', 'harold.kiehn@gmail.com', 'Mrs. Marget Dickens', '1-513-318-1577'),
	(125, 'Apt. 494 957 Marguerite Stravenue, South Keithton, MA 06644', 'andres.marquardt@yahoo.com', 'Mario Schmidt LLC', '906-586-8005'),
	(126, '9569 Wolf Roads, Austinfurt, ND 12310', 'joesph.howe@yahoo.com', 'Tosha Lowe', '1-605-256-1433'),
	(127, '332 Zboncak Junctions, Gutmannborough, MS 41419', 'myrna.johnston@gmail.com', 'Tim Schulist', '(307) 843-3054'),
	(128, '203 Simonis Parks, Emorybury, IL 20123', 'lindsey.reichert@hotmail.com', 'Michaela Kertzmann', '256.336.6054'),
	(129, 'Suite 702 574 Yvone Junction, Schoenstad, CO 42385', 'lakendra.waelchi@hotmail.com', 'Nancee West', '717-425-2586'),
	(130, '37762 Karla Isle, Norikoberg, MT 83450', 'lindsey.kshlerin@hotmail.com', 'Analisa Quigley', '(408) 347-9581'),
	(131, '5112 Borer Springs, Riceside, GA 03609', 'foster.daniel@hotmail.com', 'Ebonie D\'Amore', '409-424-0582'),
	(132, '996 Latia Walk, North Jeffry, AL 70716', 'belinda.gorczany@hotmail.com', 'Augustine Hettinger Inc', '781-910-8144'),
	(133, '289 Heller Harbor, East Aubrey, NM 24417', 'wayne.hartmann@hotmail.com', 'Altagracia Russel', '208.331.8826'),
	(134, '5104 Elroy Track, Nicholasport, GA 25570', 'mariann.gutmann@gmail.com', 'Zachary Schulist', '1-636-443-9491'),
	(135, 'Suite 475 43365 Erline Ville, Jenkinsberg, OH 19418', 'leonia.grant@yahoo.com', 'Edgardo Schimmel', '937.720.8534'),
	(136, '057 Joshua Walks, Casperland, WI 14152', 'annemarie.wiza@hotmail.com', 'Kazuko Bins', '(858) 816-0155'),
	(137, 'Suite 766 647 Mathew Mountain, Huelsstad, SC 12436', 'shemeka.brekke@gmail.com', 'Teresia Zboncak', '530-323-9575'),
	(138, '3864 Harris Viaduct, Fayeberg, AL 36155', 'benton.mcglynn@gmail.com', 'Rueben Padberg', '217-916-8557'),
	(139, 'Apt. 818 897 Gaylord Point, Sporershire, OK 39439', 'darrel.goyette@gmail.com', 'Aurea Swift', '301-502-9575'),
	(140, 'Apt. 374 5759 Crystle Tunnel, Codyborough, NM 81157', 'pat.harber@hotmail.com', 'Arlean McClure', '714-504-2565'),
	(141, '6192 Micha Lakes, Schuppehaven, HI 75697', 'sonya.gleichner@hotmail.com', 'Roman Crist', '231.203.6363'),
	(142, '12258 Ronald Trail, Quigleymouth, OR 23491', 'johnson.sawayn@hotmail.com', 'Marybeth Larkin', '1-317-212-5297'),
	(143, 'Suite 249 9276 Ziemann Curve, Port Mervinport, AZ 72867', 'russ.hahn@hotmail.com', 'Raul Bosco', '612.240.4401'),
	(144, '5886 Donnell Falls, Kiehnburgh, TN 94175', 'myron.bayer@gmail.com', 'Miss Thanh Hudson', '909-313-1290'),
	(145, '3088 Borer Dam, Weissnatport, NH 85325', 'rhett.klein@yahoo.com', 'Afton Paucek', '312-253-9273'),
	(146, '667 Gulgowski Park, Lake Lawrence, UT 86059', 'hassan.goldner@gmail.com', 'Mervin Wilkinson', '216.406.6414'),
	(147, 'Suite 300 0845 Brakus Walk, Port Austinfort, MT 68354', 'jewell.toy@gmail.com', 'Miss Paola Schaefer', '1-480-712-2869'),
	(148, '777 Greg Land, Efrenborough, KS 65795', 'darby.oconner@hotmail.com', 'Miss Vanna Morar', '1-484-810-4390'),
	(149, 'Suite 784 663 Ratke Creek, Alberthamouth, UT 72878', 'eileen.rutherford@yahoo.com', 'Eilene Fahey', '507.845.9431'),
	(150, 'Suite 695 9381 Angelo Mills, Mantebury, VT 63029', 'diane.dicki@hotmail.com', 'Omar Durgan', '804-859-6884'),
	(151, '14255 Sipes Forks, South Brigidafurt, AR 42971', 'gil.marks@gmail.com', 'Zena Rau', '1-916-916-4651'),
	(152, 'Suite 116 307 Tremblay Harbors, Port Vanesa, VT 62313', 'dwight.kozey@gmail.com', 'Trista Hayes', '682.915.7238'),
	(153, 'Apt. 322 61668 Juliette Villages, Moisesside, WV 20984', 'kasey.dare@gmail.com', 'Miss Cherry McClure', '801-617-2242'),
	(154, '93571 Welch Corner, Schroederfort, VT 96968', 'joya.gutkowski@gmail.com', 'Roselle McClure', '505.309.1564'),
	(155, '34792 Hyman Mountains, West Olinside, MT 12104', 'gerardo.jast@hotmail.com', 'Sharlene Reinger Inc', '947.508.2373'),
	(156, '392 Raynor Villages, Parkermouth, NE 46148', 'shanti.schiller@gmail.com', 'Dorotha Thiel', '(312) 806-9217'),
	(157, '19453 Frances Lakes, Hilpertport, AK 61510', 'lucila.cruickshank@yahoo.com', 'Gregg Fadel', '(978) 557-7519'),
	(158, '01557 Edwin Flats, Beahanside, AZ 85322', 'gillian.lind@hotmail.com', 'Annamarie Tromp LLC', '(617) 917-3884'),
	(159, 'Suite 565 05319 Vernon Pike, North Eusebiaberg, WY 15796', 'ilona.trantow@hotmail.com', 'Napoleon Baumbach', '845-208-9774'),
	(160, '69810 Hauck Ports, Raleighfurt, IA 81710', 'doretha.carroll@gmail.com', 'Joelle Schmitt', '260.484.5306'),
	(161, '817 Pfannerstill Locks, East Kirsten, NV 69699', 'cliff.wintheiser@hotmail.com', 'Lucienne Connelly', '(507) 262-7616'),
	(162, '63926 Ernestina Fort, South Latoyiaside, VT 22118', 'lavera.pfeffer@yahoo.com', 'Ms. John MacGyver', '(302) 504-5173'),
	(163, '7172 Brandon Oval, South Marta, NJ 21328', 'jamila.white@yahoo.com', 'Felisa Boyer', '706.417.5768'),
	(164, 'Suite 580 10614 Claudia Fort, North Randy, MS 31862', 'doyle.leffler@hotmail.com', 'Alysa Ward', '407.445.0181'),
	(165, 'Apt. 398 45587 Maryland Ranch, Port Burtton, ND 09622', 'yaeko.spencer@gmail.com', 'Bruce Durgan', '864.848.6478'),
	(166, '93410 Hills Curve, Willmsmouth, SD 54397', 'howard.rosenbaum@yahoo.com', 'Randal Weber and Sons', '620-254-3434'),
	(167, 'Suite 767 221 Huey Mall, Jacobiton, MS 14054', 'aura.walsh@gmail.com', 'Michaele Runolfsdottir LLC', '308-715-4811'),
	(168, '0828 Francisco Square, Lake Mauricioport, NV 19762', 'kaley.kassulke@yahoo.com', 'Miss Alec Balistreri', '1-256-786-7637'),
	(169, 'Suite 178 85978 Adalberto Walk, South Vikkifurt, NH 02856', 'bruce.kulas@gmail.com', 'Pamella Barrows', '616-386-6914'),
	(170, 'Suite 697 820 Pollich River, Gorczanyport, MI 28996', 'abdul.stiedemann@hotmail.com', 'Nellie Conn', '408-928-9835'),
	(171, '7554 Huel Pine, Lake Colemanborough, AK 17526', 'jaunita.shields@yahoo.com', 'Sharda Thiel', '781-907-2313'),
	(172, '04405 Yundt Crest, New Peggie, MN 64523', 'janean.boyer@hotmail.com', 'Bruce Gleason', '1-301-631-4402'),
	(173, 'Apt. 918 15029 Stark Rest, South Lavona, KY 63506', 'sam.corkery@hotmail.com', 'Lauren Graham Group', '(215) 320-5011'),
	(174, '79863 Fabiola Shoals, Rendachester, VT 74189', 'lawrence.welch@gmail.com', 'Holly Powlowski', '970.724.9183'),
	(175, '65269 Orn Island, Mendyfort, MI 92374', 'ellen.marvin@yahoo.com', 'Xiao Waters', '646-562-0070'),
	(176, 'Suite 728 7954 Lynch Isle, Ziemeburgh, KS 99958', 'jina.hill@yahoo.com', 'Ute Kling', '505-763-8175'),
	(177, '816 Lloyd Fields, West Ian, ME 51381', 'jordan.hill@gmail.com', 'Brooks Cremin', '(502) 973-8788'),
	(178, '71216 Merlin Via, Donitaland, VA 52128', 'eleonora.cole@gmail.com', 'Alesia Wolf', '1-808-513-9742'),
	(179, 'Apt. 192 87403 O\'Connell Loaf, North Shiela, TX 81498', 'adolfo.pfeffer@yahoo.com', 'Mafalda Gottlieb', '1-650-801-3626'),
	(180, 'Apt. 873 257 Bessie Isle, Joanabury, SD 00078', 'ami.ebert@gmail.com', 'Vernice Wyman', '(323) 260-1669'),
	(181, '47045 Konopelski Mount, Osinskihaven, ME 57926', 'will.cartwright@hotmail.com', 'Mrs. Earl Harber', '304-641-4458'),
	(182, 'Suite 499 607 Mills Via, Simonisland, AL 57823', 'nichelle.herman@yahoo.com', 'Frank Braun LLC', '215.737.7727'),
	(183, '500 Sasha Club, North Cassidytown, NJ 13042', 'cristi.pagac@yahoo.com', 'Tanisha Pouros', '(443) 573-7372'),
	(184, '76236 Rashad Stream, New Bennyburgh, DE 96176', 'gordon.mcclure@yahoo.com', 'Ms. Valentine Heaney', '956-231-3538'),
	(185, 'Suite 253 774 Jessia Terrace, Myriamfurt, IL 02272', 'emanuel.huel@gmail.com', 'Mr. Bryan Brakus', '563-835-1440'),
	(186, '029 O\'Connell Unions, Quigleytown, CT 42619', 'monty.braun@yahoo.com', 'Roseann Sipes', '636-786-4049'),
	(187, '65284 Powlowski Oval, Michaelaburgh, OH 32155', 'rodrick.hilpert@gmail.com', 'Margarito Reinger Group', '508-908-0491'),
	(188, 'Apt. 901 7106 Wintheiser Knolls, New Tova, LA 65201', 'kris.langworth@hotmail.com', 'Nicolasa Veum', '504.479.1739'),
	(189, 'Suite 533 975 Alessandra Ford, Kendallbury, VT 87620', 'jamey.moore@hotmail.com', 'Adell Schmeler', '(763) 406-4139'),
	(190, '8586 America Lodge, East Jameemouth, MS 09540', 'veta.renner@hotmail.com', 'Daron Robel', '206-757-8440'),
	(191, '9705 Braun Burgs, Rickieside, CA 27937', 'lazaro.leuschke@hotmail.com', 'Miles Cummerata Group', '1-707-607-8677'),
	(192, 'Suite 793 6833 Odis Islands, Lake Porsha, NC 23800', 'kum.blick@hotmail.com', 'Wilfredo Fahey and Sons', '1-218-606-3828'),
	(193, 'Suite 280 4506 Kirlin Rest, West Hoseaport, MO 11488', 'mora.swaniawski@gmail.com', 'Fay Toy', '1-860-773-0264'),
	(194, '69341 Deon Alley, Port Jamarburgh, VT 20422', 'jesus.wiza@gmail.com', 'Irmgard Crooks', '1-351-351-1079'),
	(195, '06743 Rosann Shores, East Jeremiah, TN 41197', 'maryrose.kerluke@gmail.com', 'Miki Ruecker', '862-503-4303'),
	(196, 'Suite 929 04893 Cecelia Stream, New Darrelhaven, ND 06820', 'adeline.blanda@gmail.com', 'Miss Rick Altenwerth', '763.571.5929'),
	(197, 'Apt. 832 80879 Pfannerstill Grove, East Lienberg, WI 24875', 'beth.windler@gmail.com', 'Azalee Moore LLC', '864-906-3544'),
	(198, 'Suite 976 883 Temeka Garden, North Armando, OR 21949', 'nakesha.dach@gmail.com', 'Terry Ankunding LLC', '254-309-6807'),
	(199, '0757 Spinka Lights, Watsicaborough, IA 87948', 'melida.ebert@hotmail.com', 'Miss Mirta Hackett', '1-409-404-8900'),
	(200, '57838 Frederick Passage, Lake Clora, MD 04393', 'rolanda.corkery@gmail.com', 'Denny Boyer', '(302) 737-0181');

-- Dumping structure for table shopping-app.employee
CREATE TABLE IF NOT EXISTS `employee` (
  `emp_id` bigint(20) NOT NULL AUTO_INCREMENT,
  `address` varchar(250) NOT NULL,
  `dob` date NOT NULL,
  `email` varchar(150) DEFAULT NULL,
  `full_name` varchar(150) NOT NULL,
  `phone` varchar(15) NOT NULL,
  `status` tinyint(4) NOT NULL CHECK (`status` between 0 and 2),
  PRIMARY KEY (`emp_id`),
  UNIQUE KEY `UK_fopic1oh5oln2khj8eat6ino0` (`email`)
) ENGINE=InnoDB AUTO_INCREMENT=401 DEFAULT CHARSET=latin1 COLLATE=latin1_swedish_ci;

-- Dumping data for table shopping-app.employee: ~220 rows (approximately)
DELETE FROM `employee`;
INSERT INTO `employee` (`emp_id`, `address`, `dob`, `email`, `full_name`, `phone`, `status`) VALUES
	(1, 'Apt. 382 87830 Carroll Junction, Mandymouth, NV 27437', '1981-06-06', 'jesse.kassulke@yahoo.com', 'Luba Dare PhD', '(907) 573-3628', 1),
	(2, '360 Parker Run, Alvaroside, IA 12637', '1962-02-10', 'mitsuko.keebler@yahoo.com', 'Gerald Weber', '(980) 901-6824', 1),
	(3, 'Suite 829 52617 Jean Tunnel, East Corinachester, MI 64668', '1984-01-13', 'les.jones@gmail.com', 'Jefferey Kassulke', '1-910-484-8677', 1),
	(4, '3970 Andy Keys, Jacobsonmouth, WI 71448', '1996-06-17', 'teddy.emard@yahoo.com', 'Brendan Beier', '229-772-4236', 1),
	(5, 'Apt. 836 2641 Barrows Estate, North Cortneyside, NJ 56611', '1991-06-15', 'antwan.block@hotmail.com', 'Kristy Rodriguez', '(859) 209-8744', 1),
	(6, 'Apt. 918 013 Elvie Garden, East Shavondashire, KS 25971', '1983-08-09', 'lawerence.hettinger@gmail.com', 'Billie Stiedemann', '440-248-2027', 1),
	(7, 'Apt. 632 6183 Price Alley, North Garnet, KS 64828', '1993-06-25', 'ruthie.boyer@yahoo.com', 'Sacha Koss', '864.215.1252', 1),
	(8, 'Apt. 761 45641 Hermann Station, Delisamouth, GA 18964', '1983-04-09', 'elmira.mills@yahoo.com', 'Tawanda Feil', '1-302-816-0207', 1),
	(9, '5498 Koepp Mountain, Mitchellburgh, ND 26062', '1991-04-15', 'tijuana.reynolds@gmail.com', 'Mr. Desmond Kling', '1-567-414-5153', 1),
	(10, '228 Block Via, Lake Dalton, VT 46602', '1966-07-29', 'trinidad.hayes@yahoo.com', 'Eloy McCullough', '(862) 229-7216', 1),
	(11, '2146 Langworth Trail, Port Margrett, CO 10639', '1979-09-08', 'taylor.mclaughlin@hotmail.com', 'Dr. Gloria Carter', '915-971-8809', 1),
	(12, 'Apt. 166 05854 Ha Well, New Georginemouth, DE 41125', '2001-11-08', 'stuart.harris@gmail.com', 'Jay Towne DDS', '1-217-858-0429', 1),
	(13, '948 Raul Isle, Port Luannton, NH 35918', '1995-12-01', 'emiko.jakubowski@hotmail.com', 'Eda Conn', '518.816.7805', 1),
	(14, '219 Oberbrunner Passage, Volkmanshire, DE 38312', '1970-04-30', 'lady.walter@yahoo.com', 'Alfonso Lockman', '(510) 865-3868', 1),
	(15, '977 Lauren Flat, Bednarton, AR 84227', '1968-08-23', 'elias.krajcik@yahoo.com', 'Miss Basil Batz', '(978) 717-1289', 1),
	(16, '5727 Greenfelder Village, Schmelerville, WI 53325', '1989-05-24', 'tess.bradtke@yahoo.com', 'Louetta Fadel', '218.763.9638', 1),
	(17, '06640 Rupert Tunnel, Rubenport, NJ 91125', '1965-07-02', 'emerald.jacobson@yahoo.com', 'Almeta Kiehn', '(609) 980-1507', 1),
	(18, 'Suite 707 21896 Abernathy Burgs, Yundtfort, TX 50351', '1995-06-30', 'murray.jacobi@yahoo.com', 'Archie Wyman PhD', '989.818.5632', 1),
	(19, '243 Charlsie Valley, Port Timothy, AK 69333', '1979-11-11', 'beaulah.reichert@gmail.com', 'Charles Kunde', '501-443-2486', 1),
	(20, 'Suite 673 4320 Durgan Square, East Clyde, AZ 98120', '1998-01-09', 'chase.heidenreich@hotmail.com', 'Wilda Stark', '(906) 518-7694', 1),
	(21, '65472 Julius River, New Amadostad, OH 62960', '1995-06-12', 'divina.wyman@yahoo.com', 'Dr. Angie Pacocha', '1-262-975-6627', 1),
	(22, 'Apt. 500 51680 Ward Locks, Nitzscheton, AZ 87491', '1985-06-25', 'dewayne.bergnaum@yahoo.com', 'Laura Pfannerstill', '856.979.7885', 1),
	(23, 'Suite 743 91463 Homenick Islands, Miborough, WY 72284', '1982-03-27', 'wilford.langosh@yahoo.com', 'Candis Sporer', '602.484.5737', 1),
	(24, 'Suite 741 805 Vandervort Land, Tonyborough, MI 98219', '1988-05-14', 'douglass.howe@yahoo.com', 'Bernardine McCullough', '925-631-3656', 1),
	(25, 'Suite 466 4854 Timothy River, Kurtisstad, CT 43267', '1986-07-20', 'felix.walter@hotmail.com', 'Walter Brakus Sr.', '972-609-0372', 1),
	(26, '86177 Spinka Hill, Bodeland, NM 63988', '2003-08-09', 'yuette.altenwerth@hotmail.com', 'Trinidad Gorczany', '828-719-0572', 1),
	(27, 'Apt. 934 929 Rempel Wells, Lake Sangview, ID 75120', '1976-10-17', 'evelin.skiles@hotmail.com', 'Ms. Kit Ebert', '(785) 917-6333', 1),
	(28, 'Suite 597 2081 Mann Mount, South Neal, NV 09615', '1976-12-30', 'arden.okuneva@gmail.com', 'Tom Toy DDS', '1-402-971-6746', 1),
	(29, '36480 Eleanor Pike, South Kerry, KY 32015', '1998-06-05', 'edgar.bednar@hotmail.com', 'Harley Schaden PhD', '802-651-5487', 1),
	(30, 'Apt. 642 123 Amado Dale, New Clarenceside, AK 54630', '1975-06-12', 'ashley.marks@hotmail.com', 'Weston Borer', '(646) 765-3711', 1),
	(31, 'Apt. 341 08433 Abshire Mountains, New Stellamouth, CA 49584', '1985-06-13', 'romeo.oreilly@hotmail.com', 'Jude Conroy', '(309) 475-2965', 1),
	(32, 'Suite 347 36016 Danny Court, Hodkiewiczberg, WA 16242', '2001-03-05', 'tonda.mcdermott@hotmail.com', 'Lacresha Hamill', '409-832-6614', 1),
	(33, 'Apt. 953 933 Marcia Circles, Hegmannton, FL 12610', '1999-07-31', 'jackelyn.champlin@yahoo.com', 'Dr. Ervin Brakus', '1-620-321-4096', 1),
	(34, '5346 Homenick Ford, East Lolitaview, NC 48799', '1966-07-15', 'chase.conroy@gmail.com', 'Mauricio Rippin', '1-937-947-9573', 1),
	(35, '68117 Shon Summit, Mrazport, VT 47784', '1987-06-11', 'alysia.gleason@hotmail.com', 'Ciera Heidenreich III', '1-864-805-3853', 1),
	(36, 'Apt. 546 34845 Streich Springs, Lake Catherina, NC 27337', '1980-06-30', 'harland.aufderhar@gmail.com', 'Wesley Kertzmann', '1-870-607-7657', 1),
	(37, 'Suite 533 32301 Hayden Camp, New Todd, MO 83270', '1966-04-22', 'lyman.mosciski@gmail.com', 'Sheridan Kohler', '1-302-213-9813', 1),
	(38, '03061 Edmundo Via, South Minna, MA 94353', '1974-01-13', 'julio.daniel@hotmail.com', 'Suellen Connelly', '(937) 918-3808', 1),
	(39, '62965 Marcelino Square, Kirbyfort, ID 36677', '1962-12-19', 'alden.gottlieb@gmail.com', 'Thu Sawayn', '401-301-9632', 1),
	(40, '3336 Bryon Well, New Raymondport, ME 54354', '2005-04-09', 'stan.rogahn@gmail.com', 'Tyron Pagac', '512.212.3897', 1),
	(41, '27205 Hand Street, West Lindsaymouth, AR 09516', '1992-02-10', 'bettie.pagac@gmail.com', 'Joe Waelchi', '(517) 208-8229', 1),
	(42, 'Apt. 108 133 Larissa Villages, East Terrilynville, MI 05816', '1981-08-19', 'morgan.johnston@yahoo.com', 'Odell Wolff DDS', '(417) 386-0472', 1),
	(43, 'Suite 414 17611 Shin Via, DuBuquefort, AK 45424', '2003-12-31', 'rolland.prosacco@hotmail.com', 'Arletha Lind', '(219) 954-5135', 1),
	(44, 'Suite 754 437 O\'Connell Fork, New Marnie, NC 06992', '1990-07-28', 'lyman.bogisich@gmail.com', 'Dr. Ahmad Hickle', '1-941-315-0002', 1),
	(45, '5883 Dalton Rapids, Lynchbury, MO 77364', '1972-12-21', 'marlen.hand@yahoo.com', 'Ngoc Bradtke', '972.630.8827', 1),
	(46, '99010 Welch Plaza, New Russell, PA 41767', '1987-12-26', 'jamila.larson@yahoo.com', 'Mauricio Champlin IV', '484.816.4103', 1),
	(47, 'Apt. 559 5607 Mann Lodge, New Gisellestad, LA 11683', '1992-11-11', 'tasia.gaylord@yahoo.com', 'Sheilah Rath', '(878) 925-5708', 1),
	(48, '1917 Moen Land, Reichertton, GA 57655', '1958-11-24', 'sophie.vandervort@hotmail.com', 'Anthony Stoltenberg IV', '(401) 580-8199', 1),
	(49, 'Suite 513 77389 Heathcote Village, Sterlingstad, LA 95222', '1967-08-04', 'lera.botsford@hotmail.com', 'Mac Runolfsson', '1-772-254-9640', 1),
	(50, '851 Sherrill Stravenue, West Errol, MA 02237', '1959-08-12', 'geneva.langworth@gmail.com', 'Shad Cole', '810-227-1256', 1),
	(51, 'Suite 572 211 Ondricka Unions, Rodriguezburgh, FL 34023', '2004-11-02', 'kurt.skiles@gmail.com', 'Jimmie Braun PhD', '551.925.1263', 1),
	(52, '002 Kuvalis Summit, Cristinberg, ID 56623', '1976-07-04', 'calvin.wolff@gmail.com', 'Precious Konopelski', '586.540.5742', 1),
	(53, 'Suite 653 6269 Alane Burgs, Hoegerport, IA 97649', '1964-04-25', 'alva.pollich@yahoo.com', 'Paige Predovic Sr.', '(231) 225-3940', 1),
	(54, '867 Daugherty Stravenue, South Freeman, IN 41398', '1988-07-30', 'tien.kreiger@gmail.com', 'Abraham Lind', '1-267-262-1931', 1),
	(55, '4407 Davina Summit, Murphyside, OR 67154', '1968-03-18', 'leslee.frami@gmail.com', 'Ronnie Leannon', '641-269-6074', 1),
	(56, 'Suite 433 16436 Bashirian Plaza, Adamouth, VT 96299', '2004-01-26', 'dewayne.mayer@gmail.com', 'Miss Salvador Hagenes', '857.920.1809', 1),
	(57, 'Apt. 152 660 Kutch Grove, Medaburgh, WY 47137', '2000-05-31', 'eugenio.wehner@gmail.com', 'Marco Wuckert DVM', '830-501-5461', 1),
	(58, 'Suite 687 5901 Haywood Mountains, East Bella, ME 84148', '1964-09-06', 'marybeth.hansen@hotmail.com', 'Christia Ebert', '1-228-959-1663', 1),
	(59, '5445 Devin Dale, New Lorna, OH 43290', '1996-02-11', 'marlen.keeling@hotmail.com', 'Felipe Rempel', '760-765-5574', 1),
	(60, '242 Yundt Inlet, Kuvaliston, WV 59339', '1977-12-24', 'tad.kassulke@yahoo.com', 'Elke Medhurst II', '339-786-0853', 1),
	(61, 'Suite 800 65075 Mann Junctions, West Toddshire, WV 12859', '1964-04-19', 'randy.williamson@yahoo.com', 'Javier Bernier', '775-234-3952', 1),
	(62, 'Suite 898 556 Man Plains, Harrisborough, NH 23999', '2004-12-24', 'elvina.keeling@gmail.com', 'Richard Monahan', '786.831.5004', 1),
	(63, '285 Wilderman Row, Howemouth, AZ 70209', '1962-07-19', 'glen.langosh@hotmail.com', 'Ermelinda Lind', '1-616-805-8688', 1),
	(64, '85336 Herman Glens, West Gertude, MT 51920', '1986-05-19', 'jarod.welch@gmail.com', 'Shani Reichert', '1-234-706-3708', 1),
	(65, 'Apt. 492 9828 Teisha River, Buckridgeshire, KS 09046', '2002-07-28', 'vicente.wolff@gmail.com', 'Hertha Bernier', '860-806-0652', 1),
	(66, '596 Hamill Mountains, East Gerry, CT 89250', '1970-07-10', 'natashia.crona@yahoo.com', 'Zita Kautzer', '(815) 562-7361', 1),
	(67, 'Apt. 304 222 Lavona Loop, Wendiehaven, MO 46576', '1989-05-19', 'creola.carroll@gmail.com', 'Abdul Bashirian', '512.724.1516', 1),
	(68, '8700 Booker Islands, Tomibury, NE 36204', '2005-06-15', 'ramona.graham@gmail.com', 'Dr. Carmen Kuhic', '(559) 567-2481', 1),
	(69, 'Apt. 801 862 Jamel Shoals, Ondrickashire, CT 71212', '1996-02-23', 'ricardo.harris@gmail.com', 'Jerome Tillman', '412-817-8133', 1),
	(70, '0143 Bailey Club, Hanefurt, MS 60047', '1959-05-16', 'shae.buckridge@yahoo.com', 'Lance Mraz', '1-252-351-2145', 1),
	(71, 'Apt. 615 1465 Lesley Dam, Carmelamouth, IA 73641', '1976-05-26', 'viva.marvin@hotmail.com', 'Gwen Torp', '(773) 954-7454', 1),
	(72, '1938 Pollich Spur, Port Lola, KS 37028', '1960-08-14', 'jacquelin.dibbert@hotmail.com', 'Don Koepp IV', '917-316-7126', 1),
	(73, 'Suite 581 481 Barton Hollow, Port Trinidadside, HI 19054', '1990-09-26', 'loretta.lemke@yahoo.com', 'Alyssa Schneider Jr.', '1-712-715-7487', 1),
	(74, 'Suite 239 0752 Johanna Crossing, West Carl, OK 72368', '1974-11-13', 'jani.luettgen@gmail.com', 'Ms. Tommie Rau', '1-661-717-6892', 1),
	(75, 'Suite 242 569 Glover Trace, Hauckborough, OK 99462', '1959-12-14', 'elli.johnson@hotmail.com', 'Gregory Lang', '305-571-1715', 1),
	(76, 'Suite 210 53650 Grady Shores, Port Mervin, OR 98250', '1999-07-20', 'vaughn.witting@yahoo.com', 'Coreen Doyle V', '208.309.7526', 1),
	(77, 'Suite 832 1314 Reinaldo Shore, Lake Keven, CA 98430', '2004-12-22', 'marlena.dickens@gmail.com', 'Miss Ranee Kuhic', '1-360-218-8252', 1),
	(78, 'Apt. 952 6589 Becker Knolls, Lake Shavondabury, MN 67014', '2001-03-16', 'sook.hilpert@yahoo.com', 'Van Green', '702.443.1131', 1),
	(79, '671 Tyree Branch, Skilesbury, ND 21782', '2003-03-02', 'linwood.mante@yahoo.com', 'Dylan Hermiston', '(405) 832-0242', 1),
	(80, 'Suite 308 79127 Runolfsson Stream, Runteburgh, CA 06009', '2002-08-04', 'ma.koepp@gmail.com', 'Eddie Streich', '(915) 503-2511', 1),
	(81, 'Apt. 123 10708 Mann Unions, West Harris, WY 42231', '1984-08-26', 'alysia.stanton@hotmail.com', 'Ms. Roselia Collier', '1-404-989-3330', 1),
	(82, 'Suite 589 160 Spencer Burgs, Lake Hilde, MA 97980', '1967-02-06', 'nathanial.ullrich@hotmail.com', 'Colleen Welch', '509-503-8874', 1),
	(83, '34484 Gulgowski Spring, North Sandeeland, SC 37804', '1973-06-07', 'vickie.tremblay@hotmail.com', 'Ashlyn Rau', '1-904-619-0438', 1),
	(84, 'Suite 328 54099 Predovic Radial, West Aletashire, TX 73011', '1961-05-22', 'randell.conn@yahoo.com', 'Maryanna Boyle', '423-229-2876', 1),
	(85, '1315 Cythia Mission, New Sherlyn, AL 37185', '1974-11-23', 'pauline.quitzon@hotmail.com', 'Mr. Janetta Simonis', '1-952-772-4663', 1),
	(86, 'Suite 676 57806 Margherita Road, North Chinfort, MS 58986', '1975-01-18', 'phylis.torp@yahoo.com', 'Pamula Pagac', '623-773-2679', 1),
	(87, 'Suite 681 51010 Mickey Cliff, East Weldon, VT 12694', '1976-10-24', 'rafael.goldner@yahoo.com', 'Cleo Bartell', '1-615-330-8192', 1),
	(88, 'Suite 564 2142 Geneva Lights, Ryanland, IA 23174', '1996-08-25', 'alyson.konopelski@yahoo.com', 'Delbert Hansen', '1-352-407-0653', 1),
	(89, 'Apt. 962 375 Bechtelar Circle, Port Rosalindchester, NH 38839', '1975-03-22', 'azzie.oconner@yahoo.com', 'Dierdre Treutel II', '267.985.1641', 1),
	(90, '8373 Torp Trail, Toymouth, SD 83280', '1995-11-08', 'stephen.schmidt@hotmail.com', 'Hester Beier', '(614) 651-2674', 1),
	(91, 'Suite 492 527 Damien Groves, D\'Amoremouth, CT 23540', '1965-12-17', 'jenny.satterfield@gmail.com', 'Mr. Mae Larson', '(773) 984-0889', 1),
	(92, 'Suite 559 3981 Gerlach Estates, Gerlachshire, RI 47042', '1968-07-29', 'clay.ferry@yahoo.com', 'Noe Kessler MD', '1-910-205-1530', 1),
	(93, 'Suite 980 921 Gislason Plain, South Kaymouth, SD 32069', '1982-04-23', 'malcolm.bins@gmail.com', 'Asa Becker PhD', '228-872-8767', 1),
	(94, 'Apt. 180 8897 Minta Brook, Langoshberg, WI 39450', '1974-02-11', 'guy.botsford@gmail.com', 'Mrs. Kristopher Brekke', '1-510-630-8141', 1),
	(95, 'Suite 692 03713 Prosacco Club, Aubreybury, NJ 04294', '1973-01-08', 'rhona.haag@gmail.com', 'Ezekiel Tillman', '1-408-210-4562', 1),
	(96, '98769 Pamula Station, Murazikfort, CT 67952', '1966-08-02', 'bo.keeling@gmail.com', 'Landon Moen', '580.419.4470', 1),
	(97, 'Suite 186 6251 Senger Plaza, North Feltonstad, NH 95819', '1959-01-17', 'tawny.king@gmail.com', 'Tyrone Huels IV', '507-772-1697', 1),
	(98, '1297 Nicolas Hollow, West Romaview, KY 75780', '1984-06-15', 'keren.macgyver@gmail.com', 'Lino Mosciski III', '660.956.6433', 1),
	(99, 'Suite 173 051 Garrett Lane, East Makedafort, OH 07912', '1999-11-25', 'sofia.witting@gmail.com', 'Ms. Dion Bahringer', '(308) 559-7739', 1),
	(100, '479 Branda Circle, Blickland, NE 37154', '1998-01-18', 'maryanna.luettgen@gmail.com', 'Evan Kris', '1-517-312-5063', 1),
	(101, '4651 Freddy Terrace, West Marylinland, WI 78176', '1992-03-19', 'denisse.kunde@gmail.com', 'Mira Boyle', '936-571-5853', 1),
	(102, 'Apt. 559 413 Fadel Harbors, Groverport, SD 55894', '1978-02-03', 'stevie.feeney@hotmail.com', 'Betsy Wiegand', '903-636-6584', 1),
	(103, 'Apt. 514 260 Shirlee Fields, Dibbertberg, OK 01338', '1972-02-24', 'jeanene.keeling@hotmail.com', 'Audria Donnelly V', '(217) 570-6002', 1),
	(104, 'Suite 743 1289 Jennefer Grove, Port Erwin, MS 96604', '1967-05-25', 'albert.oberbrunner@yahoo.com', 'Zana Gorczany', '781-702-3024', 1),
	(105, '75651 Boyd Mall, Port Cameronmouth, NM 08721', '1987-04-25', 'dee.klein@hotmail.com', 'Mrs. Orville Howe', '(614) 504-0345', 1),
	(106, 'Suite 594 28899 Barton Valley, New Elvintown, WY 71480', '2000-06-22', 'blake.harvey@gmail.com', 'Louis Daugherty V', '207-464-5636', 1),
	(107, 'Suite 927 072 Rosaria Valleys, Port Roslyn, NH 16125', '1980-02-08', 'raylene.daugherty@hotmail.com', 'Jefferson Waelchi', '210.424.0691', 1),
	(108, 'Suite 329 6228 Magdalena Glens, Schuppeburgh, MO 81324', '2005-09-21', 'tresa.fay@yahoo.com', 'Sumiko Beier', '(360) 623-5154', 1),
	(109, '212 Travis Pass, Lauranchester, OK 95408', '1966-10-14', 'loyd.ondricka@gmail.com', 'Jordon Rolfson', '937-626-0399', 1),
	(110, 'Suite 714 76028 Herzog Dale, Wildermanshire, TN 75525', '2004-06-27', 'meta.morissette@yahoo.com', 'Heidy Flatley', '(863) 651-2910', 1),
	(111, 'Apt. 341 79674 Howard Spur, Allanburgh, NV 49363', '1980-07-13', 'leif.little@gmail.com', 'Rozanne Ernser', '1-530-620-4480', 1),
	(112, '1294 Gus Parkways, Garlandport, AR 72848', '1978-08-13', 'teodoro.cummings@hotmail.com', 'Miss Wilfred Connelly', '1-304-847-6068', 1),
	(113, '36321 Sammy Mount, South Colenechester, ME 59890', '2005-01-08', 'jonah.lehner@gmail.com', 'Jeffery Doyle', '956.270.4621', 1),
	(114, 'Apt. 349 5081 Cristobal Gateway, West Sherrilchester, HI 66748', '1967-06-09', 'chang.monahan@hotmail.com', 'Shelby Simonis', '(239) 845-2088', 1),
	(115, '8546 Pagac Village, Spencertown, HI 62852', '1988-06-17', 'geraldo.schinner@yahoo.com', 'Reginald Dickinson', '505-952-2840', 1),
	(116, '36268 Langworth Creek, Luettgenland, AZ 87631', '1976-08-22', 'lanny.lockman@hotmail.com', 'Miss Mellissa Frami', '(832) 716-2684', 1),
	(117, '8963 Alvin Knolls, Irvingmouth, OR 51851', '1959-09-18', 'xavier.kreiger@hotmail.com', 'Dawn Ledner DDS', '(702) 847-2881', 1),
	(118, '78129 Will Loop, Schuppechester, TX 08370', '1988-05-17', 'neal.bailey@yahoo.com', 'Bertram Mante', '(828) 310-8348', 1),
	(119, 'Suite 379 09744 Zulauf Mountain, South Ellanton, RI 22270', '1986-05-07', 'clemencia.balistreri@yahoo.com', 'Jerome Stracke PhD', '1-919-619-7842', 1),
	(120, 'Suite 524 7592 Grady Manors, Carterhaven, NH 84972', '1964-09-10', 'alfredo.kris@yahoo.com', 'Nick Armstrong', '1-601-781-6404', 1),
	(121, '90233 Collins Parkway, New Ricardoland, TN 87582', '1999-03-04', 'michaela.skiles@hotmail.com', 'Erick Okuneva', '225.859.9951', 1),
	(122, 'Apt. 919 0916 Gislason Knoll, Daniloview, SC 60985', '2001-08-26', 'whitney.bogan@hotmail.com', 'Julia Wehner', '(425) 228-2829', 1),
	(123, '741 Yost Isle, East Sherman, WV 28017', '1965-07-05', 'darrin.cruickshank@yahoo.com', 'Luz Zemlak DDS', '781.720.4458', 1),
	(124, 'Apt. 285 1854 Haag Trace, East Ozzieberg, AR 77320', '1980-02-22', 'gerry.miller@gmail.com', 'Nicky Kling Jr.', '785.419.0058', 1),
	(125, '980 Henry Islands, Jameyview, TN 40887', '1975-11-19', 'dwight.stracke@yahoo.com', 'Mammie Collins DDS', '509.713.0383', 1),
	(126, '08679 Zulauf Lock, New Cristy, MI 46918', '1960-01-12', 'junior.baumbach@gmail.com', 'Demetrius Moore', '214-515-5118', 1),
	(127, '0328 Ankunding Squares, Port Billie, IL 94459', '1986-08-20', 'kathryne.stracke@hotmail.com', 'Werner Gibson', '(440) 619-1206', 1),
	(128, '989 Penny Mill, Dionton, MN 07141', '1991-04-18', 'xuan.nienow@hotmail.com', 'Hai Kuvalis', '910.740.3263', 1),
	(129, 'Suite 816 393 Beer Mission, Bartellchester, OR 41985', '1965-02-05', 'rocky.roob@gmail.com', 'Carroll Boyer', '316-914-4668', 1),
	(130, '2636 Emerita Run, Rippintown, ID 28659', '1967-12-12', 'jose.lakin@yahoo.com', 'Vernon Bednar', '1-720-520-7993', 1),
	(131, 'Suite 584 8135 Leffler Motorway, South Solangebury, NE 94254', '1984-02-01', 'mohamed.spinka@gmail.com', 'Demarcus Schimmel I', '720.737.3520', 1),
	(132, '656 Erasmo Landing, South Arlynestad, VA 41601', '1975-03-25', 'columbus.corwin@hotmail.com', 'Jerrell Heathcote', '1-813-703-5103', 1),
	(133, '883 My Station, Rennermouth, SC 23054', '1967-01-09', 'yajaira.auer@hotmail.com', 'Maurita Ziemann', '(831) 864-3702', 1),
	(134, '653 Gutmann Prairie, Satterfieldmouth, MA 41880', '1959-04-30', 'clementine.runolfsdottir@hotmail.com', 'Malcom Muller', '(605) 831-0431', 1),
	(135, 'Suite 283 4886 Hayes Mission, West Eric, NV 90888', '1978-03-13', 'wyatt.mraz@yahoo.com', 'Jonathan Kuvalis', '1-814-947-9600', 1),
	(136, '2675 Jacobson Radial, Alphonseview, IL 02768', '1972-06-10', 'jewel.robel@hotmail.com', 'Elias Fadel', '607.513.8228', 1),
	(137, '204 Swift Passage, Bartonshire, DE 53968', '1964-06-26', 'austin.kuvalis@hotmail.com', 'Fausto Prosacco', '719.813.7829', 1),
	(138, 'Apt. 225 33593 Morris Pass, Norbertotown, CO 79281', '2001-06-27', 'athena.hahn@hotmail.com', 'Dr. Margery Osinski', '1-585-732-6561', 1),
	(139, 'Suite 878 710 Franecki Ville, Port Eustolia, CO 71495', '1973-02-04', 'donn.johnson@yahoo.com', 'Homer Parker', '1-509-561-4621', 1),
	(140, 'Suite 565 39078 Jim Stream, North Tam, AK 76425', '1972-12-08', 'magdalene.fisher@yahoo.com', 'Wesley Jaskolski', '1-509-660-7232', 1),
	(141, 'Suite 510 70618 Jennifer Grove, East Darline, FL 28111', '1982-06-13', 'clifford.swaniawski@hotmail.com', 'Ezra Schoen II', '(443) 445-2877', 1),
	(142, '342 Torp Square, North Jerrimouth, DE 97408', '1968-09-29', 'carma.hoppe@gmail.com', 'Jessie Weber', '1-727-904-5685', 1),
	(143, '0207 Kessler Pass, Connbury, SD 53871', '2004-05-23', 'temeka.schroeder@hotmail.com', 'Mrs. Jeffery Schaden', '(412) 503-1176', 1),
	(144, 'Apt. 431 09231 Watsica Port, East Tiesha, NE 51395', '1979-01-25', 'ettie.hodkiewicz@hotmail.com', 'Leroy McKenzie DVM', '1-620-984-9953', 1),
	(145, '85831 Suk Mountain, Gerlachberg, NY 04308', '1960-01-30', 'nettie.cruickshank@yahoo.com', 'Salvatore Jerde', '508.508.2161', 1),
	(146, 'Apt. 134 05157 Janie Prairie, Rowetown, IL 32308', '1996-03-02', 'brain.cummings@yahoo.com', 'Damon Kozey', '267.308.1118', 1),
	(147, '78661 Nicolas Locks, Lake Carlotaville, MN 29111', '1969-07-10', 'magaret.stark@gmail.com', 'Tim Walker DVM', '830-620-5725', 1),
	(148, 'Apt. 396 2677 Terry Ramp, Kirlinfurt, WY 07650', '1961-10-03', 'nakesha.sauer@yahoo.com', 'Mr. Raymond Mitchell', '(361) 561-7697', 1),
	(149, '00934 Tameika Stream, New Essiemouth, HI 02023', '2005-04-28', 'eusebio.bahringer@yahoo.com', 'Billy Schoen', '(772) 208-1908', 1),
	(150, 'Apt. 513 204 Aron Run, East Ricardoville, LA 29766', '1988-11-03', 'antony.bauch@yahoo.com', 'Gracie Prohaska', '1-414-202-6634', 1),
	(151, '6989 Marks Rapid, Weststad, VA 66210', '1963-05-30', 'bryce.cronin@gmail.com', 'Erwin Waelchi', '334-928-7644', 1),
	(152, '5742 Hellen Islands, Harryborough, IA 82600', '1998-04-29', 'pilar.yundt@hotmail.com', 'Mai Volkman PhD', '(973) 724-6785', 1),
	(153, '301 Corey Loaf, East Angleamouth, NJ 44394', '1994-08-13', 'art.breitenberg@yahoo.com', 'Monroe Kulas II', '707-760-9023', 1),
	(154, '86070 Larson Island, Melvinport, SC 90915', '1977-11-17', 'dong.trantow@gmail.com', 'Edwardo Ullrich', '(601) 225-7873', 1),
	(155, 'Suite 891 05793 Marvin Dale, South Violetmouth, IN 32307', '1982-07-13', 'scot.jenkins@hotmail.com', 'Delora Hirthe', '717.626.4013', 1),
	(156, 'Apt. 482 4974 Hauck Harbors, Anitafort, MA 38425', '1999-01-03', 'karma.lakin@gmail.com', 'Shiela Aufderhar', '(508) 828-0857', 1),
	(157, '38064 Rohan Way, Quigleyton, PA 77694', '1959-06-07', 'therese.mayert@hotmail.com', 'Mabel Smitham', '256.502.2462', 1),
	(158, '54143 Grant Field, Dexterbury, OH 20300', '1976-04-22', 'carissa.lindgren@hotmail.com', 'Darcel Kling', '1-305-972-7163', 1),
	(159, '832 Lynch Curve, Webershire, HI 69279', '1989-07-18', 'blair.greenfelder@gmail.com', 'Alvin Schmitt', '303-484-2075', 1),
	(160, 'Apt. 166 4227 Leonel Valley, Trompburgh, OK 57130', '1967-01-03', 'ali.schmeler@yahoo.com', 'Eldridge Murazik II', '989-603-9311', 1),
	(161, '8203 Prosacco Knoll, Lavonemouth, FL 01981', '2003-06-10', 'gail.koelpin@hotmail.com', 'Lloyd Wolff', '231.757.0739', 1),
	(162, 'Suite 525 8370 Hoppe Springs, Harberland, AL 77967', '1986-12-24', 'frankie.okuneva@gmail.com', 'Gale Gusikowski', '(978) 417-0179', 1),
	(163, '88939 Kandy Rue, Beattybury, MI 90353', '1992-03-06', 'marlon.schmitt@gmail.com', 'Carleen Turner', '760.209.1386', 1),
	(164, 'Apt. 744 54690 Mitchell Avenue, Hermistonmouth, ND 90128', '1991-11-18', 'shizuko.dibbert@gmail.com', 'Laurene Toy', '718-848-9007', 1),
	(165, 'Apt. 821 41754 Casper Shore, West Carylonton, LA 96258', '1964-06-07', 'geoffrey.gislason@yahoo.com', 'Chassidy Metz MD', '1-915-307-5595', 1),
	(166, 'Suite 736 005 Hammes Village, Jeffville, SD 73115', '1998-03-05', 'verna.gleichner@yahoo.com', 'Theressa Gulgowski', '1-870-218-0979', 1),
	(167, 'Suite 721 294 Cyrstal Turnpike, Shayview, AZ 04101', '2004-07-30', 'fatima.reilly@gmail.com', 'Emmett Hartmann', '412.505.5870', 1),
	(168, 'Suite 942 892 Charita Knolls, Port Valencia, NV 79010', '1986-02-19', 'doretha.dickinson@gmail.com', 'Mr. Suzanna Marks', '484.410.6024', 1),
	(169, '888 Huel Centers, Lake Micah, WI 26168', '1997-04-18', 'malik.murazik@hotmail.com', 'Kristopher Baumbach Jr.', '1-469-765-7279', 1),
	(170, '89625 Schiller Street, South Soledad, MA 27937', '1982-09-26', 'dionna.barrows@gmail.com', 'Miss Golden Bruen', '973-941-0918', 1),
	(171, 'Suite 744 20958 Hills Road, Lake Darlene, ID 53448', '2002-09-11', 'charley.moen@gmail.com', 'Dr. Serina McLaughlin', '612-862-1727', 1),
	(172, 'Apt. 168 28631 Anthony Overpass, Kohlerton, CA 63760', '1978-02-06', 'man.sporer@hotmail.com', 'Walker Becker', '(336) 323-4836', 1),
	(173, 'Apt. 270 892 Bernier Via, Libradaton, MN 32591', '2000-10-11', 'susann.turner@hotmail.com', 'Piper Jones', '(770) 857-6114', 1),
	(174, 'Suite 683 853 Bertram Cliffs, North Tiffani, DE 78783', '1970-09-13', 'catina.heidenreich@gmail.com', 'Shawana Harvey', '1-307-814-6385', 1),
	(175, '16810 Cole Radial, West Bertram, NJ 42469', '1998-03-07', 'noma.bednar@yahoo.com', 'Lewis Zieme MD', '1-507-806-7672', 1),
	(176, 'Apt. 380 066 Delbert Mountain, Port Ramonborough, DE 94081', '1996-11-04', 'lorrie.von@yahoo.com', 'Damion Herman', '520-510-8604', 1),
	(177, '402 Schinner Divide, Virgilioberg, MA 06254', '1975-07-02', 'erik.hand@gmail.com', 'Mr. Sharee Stehr', '979-878-0984', 1),
	(178, 'Suite 448 640 Medhurst Glens, South Lionelton, MA 53144', '2000-03-15', 'rickie.homenick@hotmail.com', 'Tyler Ebert', '1-651-713-6926', 1),
	(179, 'Apt. 358 69693 Keebler Falls, East Yesenia, WI 95303', '1985-05-30', 'jonie.kassulke@gmail.com', 'Lakendra Schaefer', '206-772-9272', 1),
	(180, '3854 Hackett Inlet, New Matthewberg, MO 72237', '1987-01-18', 'reinaldo.sanford@hotmail.com', 'Mr. Rickey Lockman', '989-205-8942', 1),
	(181, 'Suite 429 62170 Langosh Flat, East Delphine, AK 63097', '1991-03-23', 'angie.bosco@hotmail.com', 'Mathilda Kihn', '1-360-210-7957', 1),
	(182, 'Suite 328 625 Borer Circle, East Lasonya, NJ 78929', '1993-03-12', 'amina.thiel@hotmail.com', 'Edmond Beier', '1-979-260-0464', 1),
	(183, 'Apt. 154 738 Georgeann Skyway, Port Van, ID 71426', '2001-07-03', 'roland.ortiz@hotmail.com', 'Harland O\'Reilly', '1-803-925-0256', 1),
	(184, 'Suite 510 54353 Apryl Circles, Dietrichstad, OK 86419', '1988-08-26', 'madelene.hermiston@yahoo.com', 'Keenan McCullough', '1-770-815-1386', 1),
	(185, 'Suite 450 545 Hane Stream, Port Frances, TX 09906', '1991-10-29', 'jenette.quigley@yahoo.com', 'Maggie Ebert', '551.973.1917', 1),
	(186, 'Suite 596 57386 Kertzmann Mission, Auerburgh, WA 33259', '1993-12-11', 'alexander.bednar@gmail.com', 'Franklin Bednar', '1-304-906-2236', 1),
	(187, 'Suite 701 08494 Humberto Throughway, New Laurenhaven, AZ 15650', '2001-01-15', 'deandre.moen@gmail.com', 'Dorine Breitenberg', '(859) 909-3999', 1),
	(188, 'Suite 627 668 Rod Road, Port Sudiehaven, NJ 57198', '2003-06-01', 'maria.schmitt@yahoo.com', 'Kelsey Senger', '409-641-3098', 1),
	(189, '9647 Goyette Union, Evitaside, WV 02988', '1993-10-04', 'stanley.white@yahoo.com', 'Sabra White Jr.', '805-213-0369', 1),
	(190, '397 Beahan Hill, South Bokstad, KS 68070', '2005-10-01', 'vance.gulgowski@yahoo.com', 'Rolf Macejkovic', '1-908-615-8627', 1),
	(191, 'Suite 885 74380 Madalene Rapids, South Daphne, MA 01587', '1969-05-02', 'garth.dicki@gmail.com', 'Miss Catarina VonRueden', '1-832-608-9153', 1),
	(192, 'Suite 137 6599 Altenwerth Center, North Albert, IL 09702', '1960-04-26', 'pearle.auer@gmail.com', 'Marianela Nolan IV', '(978) 985-7275', 1),
	(193, 'Suite 300 85599 Rosario Lodge, Chelseaborough, MI 04925', '1961-08-25', 'france.zieme@gmail.com', 'Yael Ratke', '1-817-283-8534', 1),
	(194, 'Suite 726 11648 Hahn Forest, Jeneemouth, CA 62883', '1981-04-11', 'nancee.jones@hotmail.com', 'Mckinley Watsica', '405.212.1058', 1),
	(195, 'Apt. 972 1832 Kurtis Fort, New Shanelle, KS 77179', '1960-10-19', 'armando.herman@gmail.com', 'Bobbie Adams', '218-975-9560', 1),
	(196, '76804 Lindsay Manors, Lake Maryjanemouth, MS 41851', '2002-02-21', 'marianne.schowalter@gmail.com', 'Marty Green', '213.626.4497', 1),
	(197, '6561 Hudson Shore, Linhstad, NC 84914', '1998-09-07', 'daren.koelpin@yahoo.com', 'Mr. Jerald O\'Hara', '316-574-2337', 1),
	(198, 'Apt. 151 41977 Lane Fort, Schadenton, TN 09632', '1995-12-08', 'danny.hoeger@yahoo.com', 'Wilfred Kreiger', '713.660.9944', 1),
	(199, '835 Goyette Fields, East Alfredo, LA 15249', '1990-01-03', 'jaquelyn.wyman@yahoo.com', 'Xiomara Lemke', '240.564.9167', 1),
	(200, '157 Shields Square, Toybury, CA 71518', '1980-02-18', 'fairy.raynor@yahoo.com', 'Dominque Kulas', '(231) 224-4263', 1);

-- Dumping structure for table shopping-app.orders
CREATE TABLE IF NOT EXISTS `orders` (
  `order_id` bigint(20) NOT NULL AUTO_INCREMENT,
  `order_date` datetime(6) NOT NULL,
  `cust_id` bigint(20) DEFAULT NULL,
  `employee_id` bigint(20) NOT NULL,
  PRIMARY KEY (`order_id`),
  KEY `FK89iy70txskld506d7n1cfpmpx` (`cust_id`),
  KEY `FKog5v9ga2g2ukytypn4ocip6b4` (`employee_id`),
  CONSTRAINT `FK89iy70txskld506d7n1cfpmpx` FOREIGN KEY (`cust_id`) REFERENCES `customer` (`cust_id`),
  CONSTRAINT `FKog5v9ga2g2ukytypn4ocip6b4` FOREIGN KEY (`employee_id`) REFERENCES `employee` (`emp_id`)
) ENGINE=InnoDB DEFAULT CHARSET=latin1 COLLATE=latin1_swedish_ci;

-- Dumping data for table shopping-app.orders: ~0 rows (approximately)
DELETE FROM `orders`;

-- Dumping structure for table shopping-app.order_detail
CREATE TABLE IF NOT EXISTS `order_detail` (
  `note` varchar(255) DEFAULT NULL,
  `price` double NOT NULL,
  `quantity` double NOT NULL,
  `order_id` bigint(20) NOT NULL,
  `product_id` bigint(20) NOT NULL,
  PRIMARY KEY (`order_id`,`product_id`),
  KEY `FKb8bg2bkty0oksa3wiq5mp5qnc` (`product_id`),
  CONSTRAINT `FKb8bg2bkty0oksa3wiq5mp5qnc` FOREIGN KEY (`product_id`) REFERENCES `product` (`product_id`),
  CONSTRAINT `FKrws2q0si6oyd6il8gqe2aennc` FOREIGN KEY (`order_id`) REFERENCES `orders` (`order_id`)
) ENGINE=InnoDB DEFAULT CHARSET=latin1 COLLATE=latin1_swedish_ci;

-- Dumping data for table shopping-app.order_detail: ~0 rows (approximately)
DELETE FROM `order_detail`;

-- Dumping structure for table shopping-app.product
CREATE TABLE IF NOT EXISTS `product` (
  `product_id` bigint(20) NOT NULL AUTO_INCREMENT,
  `description` text NOT NULL,
  `manufacturer_name` varchar(100) NOT NULL,
  `name` varchar(150) NOT NULL,
  `status` int(11) DEFAULT NULL,
  `unit` varchar(25) NOT NULL,
  PRIMARY KEY (`product_id`)
) ENGINE=InnoDB AUTO_INCREMENT=201 DEFAULT CHARSET=latin1 COLLATE=latin1_swedish_ci;

-- Dumping data for table shopping-app.product: ~200 rows (approximately)
DELETE FROM `product`;
INSERT INTO `product` (`product_id`, `description`, `manufacturer_name`, `name`, `status`, `unit`) VALUES
	(1, 'Beatae commodi architecto maxime minima et.', 'Gorczany LLC', 'Awesome Silk Table', 1, 'Iron'),
	(2, 'Aut consequuntur iure doloremque qui magnam inventore.', 'Beer, Gaylord and Murazik', 'Gorgeous Granite Plate', 1, 'Granite'),
	(3, 'Ea amet a inventore laudantium eligendi.', 'Haag, Wilkinson and Fahey', 'Intelligent Steel Plate', 1, 'Steel'),
	(4, 'Voluptates placeat similique sit maiores.', 'Pfeffer Group', 'Mediocre Copper Keyboard', 1, 'Cotton'),
	(5, 'Qui est quibusdam corporis non cupiditate fugiat.', 'Schulist, Lind and Adams', 'Durable Paper Shoes', 1, 'Bronze'),
	(6, 'Eum molestiae necessitatibus minus a porro ea neque.', 'Ledner-Howe', 'Aerodynamic Copper Lamp', 1, 'Marble'),
	(7, 'Et aut sint.', 'Armstrong LLC', 'Fantastic Concrete Lamp', 1, 'Iron'),
	(8, 'Qui nulla omnis consequatur sunt consequatur beatae sed.', 'Boyle Group', 'Practical Leather Gloves', 1, 'Linen'),
	(9, 'Voluptatem modi omnis velit.', 'Watsica LLC', 'Ergonomic Plastic Computer', 1, 'Cotton'),
	(10, 'Quo maxime sint repudiandae ut.', 'Schimmel Inc', 'Enormous Rubber Table', 1, 'Iron'),
	(11, 'Omnis placeat deserunt iure.', 'Abbott-Legros', 'Fantastic Rubber Chair', 1, 'Paper'),
	(12, 'Corrupti nisi id quidem nihil iusto non.', 'Monahan-Boehm', 'Aerodynamic Bronze Knife', 1, 'Cotton'),
	(13, 'Mollitia voluptas quod alias aspernatur dolorem ut.', 'Wiza Inc', 'Ergonomic Marble Bag', 1, 'Rubber'),
	(14, 'Sit et in.', 'Nicolas-Turcotte', 'Practical Bronze Bottle', 1, 'Aluminum'),
	(15, 'Sed voluptas voluptatem maxime aut sequi quos iste.', 'Toy, King and Mohr', 'Aerodynamic Silk Computer', 1, 'Granite'),
	(16, 'Ipsam magni qui odio ullam.', 'Lakin-Wolf', 'Practical Leather Plate', 1, 'Silk'),
	(17, 'Et ex laudantium et laudantium occaecati omnis provident.', 'Gottlieb, Crona and Morissette', 'Gorgeous Wool Watch', 1, 'Plastic'),
	(18, 'Et reprehenderit ad adipisci tempore veniam sapiente est.', 'Bradtke-Bogisich', 'Aerodynamic Leather Gloves', 1, 'Cotton'),
	(19, 'Natus ipsa officiis debitis sint consequatur non culpa.', 'Wintheiser-Gleason', 'Enormous Rubber Knife', 1, 'Rubber'),
	(20, 'Laborum non doloribus fugiat eligendi earum.', 'Hettinger-Hayes', 'Gorgeous Paper Keyboard', 1, 'Rubber'),
	(21, 'Ipsum corporis commodi.', 'Corwin Inc', 'Awesome Wooden Shirt', 1, 'Concrete'),
	(22, 'Fuga incidunt animi cum.', 'Raynor-DuBuque', 'Awesome Bronze Keyboard', 1, 'Cotton'),
	(23, 'Voluptatum iusto consequatur quidem.', 'Schoen, Mills and Dicki', 'Synergistic Plastic Bench', 1, 'Wool'),
	(24, 'Assumenda cupiditate a corporis quis.', 'Rolfson-Mayert', 'Enormous Silk Chair', 1, 'Granite'),
	(25, 'Tempora dolore est quisquam et.', 'Zieme Group', 'Practical Rubber Shoes', 1, 'Cotton'),
	(26, 'Ut sit quia voluptatem id qui.', 'Green, Kohler and Bauch', 'Sleek Wool Watch', 1, 'Granite'),
	(27, 'Et totam et quidem est eius et nam.', 'McClure, Hyatt and Prohaska', 'Incredible Aluminum Gloves', 1, 'Leather'),
	(28, 'Non nobis dolorum est enim reprehenderit fugit.', 'Wilderman Group', 'Practical Silk Shirt', 1, 'Wooden'),
	(29, 'Sint qui error sunt.', 'Dietrich, Smitham and Blick', 'Awesome Aluminum Bag', 1, 'Linen'),
	(30, 'Minima unde dolore quidem unde facere ipsam nulla.', 'Koelpin-Paucek', 'Rustic Granite Car', 1, 'Granite'),
	(31, 'Temporibus quae atque.', 'Bode, Wunsch and Hettinger', 'Synergistic Bronze Keyboard', 1, 'Steel'),
	(32, 'Ipsam qui ut ut.', 'Turcotte, O\'Keefe and Kutch', 'Rustic Cotton Pants', 1, 'Cotton'),
	(33, 'Ut cumque consequatur asperiores.', 'Cronin, Lueilwitz and Swift', 'Durable Cotton Clock', 1, 'Aluminum'),
	(34, 'Eaque ratione quos sint mollitia quae error aut.', 'Runte-Schmidt', 'Practical Paper Coat', 1, 'Copper'),
	(35, 'Et quasi asperiores illum.', 'Haley Inc', 'Mediocre Aluminum Knife', 1, 'Wooden'),
	(36, 'Et excepturi vel et repellat libero pariatur fugit.', 'Willms, Parisian and Ondricka', 'Fantastic Iron Pants', 1, 'Paper'),
	(37, 'Officia eos sint.', 'Johns-Schinner', 'Durable Copper Coat', 1, 'Copper'),
	(38, 'Autem accusamus qui occaecati atque consequatur.', 'Tromp-Goldner', 'Small Paper Hat', 1, 'Cotton'),
	(39, 'Quo veniam iste quisquam dolor dignissimos asperiores praesentium.', 'Quigley Inc', 'Rustic Wooden Hat', 1, 'Copper'),
	(40, 'Quod sed et ipsum omnis.', 'Powlowski-Shields', 'Lightweight Bronze Chair', 1, 'Steel'),
	(41, 'Assumenda molestiae voluptatem expedita corporis.', 'Schulist Group', 'Mediocre Rubber Table', 1, 'Granite'),
	(42, 'Molestiae sunt ad consectetur numquam distinctio sapiente nobis.', 'Heidenreich, McLaughlin and Rohan', 'Sleek Iron Plate', 1, 'Granite'),
	(43, 'Quia numquam natus ullam.', 'Goyette, Jerde and Dickens', 'Rustic Concrete Plate', 1, 'Linen'),
	(44, 'Tenetur nesciunt maiores similique iusto.', 'Hane Inc', 'Incredible Leather Lamp', 1, 'Wooden'),
	(45, 'Repellendus est corrupti quas consequatur adipisci delectus.', 'Leannon, MacGyver and Medhurst', 'Sleek Paper Computer', 1, 'Silk'),
	(46, 'Officia et quaerat adipisci nam et.', 'Altenwerth and Sons', 'Enormous Aluminum Watch', 1, 'Linen'),
	(47, 'Pariatur ut quia hic velit rerum.', 'Dicki, Ullrich and Hickle', 'Heavy Duty Wooden Bench', 1, 'Wooden'),
	(48, 'Quam quae quia deserunt mollitia rerum sed maxime.', 'Murphy LLC', 'Ergonomic Leather Bottle', 1, 'Wool'),
	(49, 'Eveniet dolor dolore corporis id minima omnis itaque.', 'Volkman Group', 'Incredible Marble Keyboard', 1, 'Marble'),
	(50, 'Quia ea necessitatibus dolore facere quia ea quia.', 'Franecki and Sons', 'Gorgeous Steel Car', 1, 'Bronze'),
	(51, 'Enim et aut aut sint soluta molestiae.', 'Bins, Reilly and Fay', 'Practical Wool Table', 1, 'Leather'),
	(52, 'Voluptatem quae qui distinctio totam velit laborum et.', 'Pfeffer LLC', 'Durable Marble Clock', 1, 'Copper'),
	(53, 'Sed cumque sed praesentium quaerat veritatis inventore voluptas.', 'Schaefer, Johnston and Stark', 'Incredible Plastic Bag', 1, 'Concrete'),
	(54, 'Ipsam officia dicta blanditiis adipisci et.', 'Will, Hoeger and Mohr', 'Sleek Paper Bag', 1, 'Cotton'),
	(55, 'Eius quia vero harum et ipsam accusamus.', 'Crooks-Feest', 'Practical Wooden Clock', 1, 'Linen'),
	(56, 'Aut molestiae soluta perferendis quia delectus error.', 'Schmeler, Wyman and Mertz', 'Lightweight Bronze Computer', 1, 'Copper'),
	(57, 'Soluta explicabo et earum necessitatibus.', 'Rolfson, Hickle and Lynch', 'Lightweight Leather Bottle', 1, 'Silk'),
	(58, 'Animi qui similique quia eaque.', 'Thompson, Larkin and Luettgen', 'Awesome Aluminum Clock', 1, 'Wooden'),
	(59, 'Fugit id dolore quia maxime.', 'Ernser, Hintz and McCullough', 'Sleek Silk Clock', 1, 'Marble'),
	(60, 'Sed vel aut officiis.', 'Larson-Becker', 'Sleek Rubber Hat', 1, 'Cotton'),
	(61, 'Qui dicta neque.', 'Feil and Sons', 'Gorgeous Steel Coat', 1, 'Silk'),
	(62, 'Nulla nostrum voluptas ipsum et aut vel eos.', 'Yundt, Dare and Hyatt', 'Mediocre Bronze Shoes', 1, 'Iron'),
	(63, 'Mollitia rerum voluptatibus doloribus voluptas placeat.', 'Bernier LLC', 'Small Wool Car', 1, 'Iron'),
	(64, 'Et neque enim.', 'Fritsch LLC', 'Intelligent Copper Hat', 1, 'Aluminum'),
	(65, 'Libero rerum asperiores nulla dolorum et debitis.', 'Effertz Inc', 'Ergonomic Linen Chair', 1, 'Plastic'),
	(66, 'Ut omnis eveniet ut.', 'Batz-Mayer', 'Fantastic Wooden Pants', 1, 'Iron'),
	(67, 'Corrupti consequatur deleniti.', 'Abbott, Crist and Bernhard', 'Rustic Steel Car', 1, 'Silk'),
	(68, 'Est enim et ex recusandae voluptatem.', 'Nader LLC', 'Incredible Wooden Table', 1, 'Aluminum'),
	(69, 'Vitae libero tempora necessitatibus distinctio tempore quo iure.', 'Bernier, Hauck and Metz', 'Intelligent Aluminum Shirt', 1, 'Bronze'),
	(70, 'Quae earum tempore omnis rerum rerum et.', 'MacGyver-Torp', 'Rustic Paper Wallet', 1, 'Rubber'),
	(71, 'Facere fugit sint magnam quaerat rem nihil.', 'McDermott LLC', 'Lightweight Copper Gloves', 1, 'Copper'),
	(72, 'Facere beatae nisi eos modi.', 'Donnelly, Bode and Osinski', 'Rustic Granite Hat', 1, 'Granite'),
	(73, 'Ex distinctio eum rerum et iure molestias.', 'Leuschke-Kutch', 'Mediocre Silk Lamp', 1, 'Cotton'),
	(74, 'Et perspiciatis vel aliquam tenetur et natus.', 'Williamson Group', 'Practical Wooden Bag', 1, 'Silk'),
	(75, 'Tempora et magnam.', 'Price, Prohaska and Ferry', 'Sleek Rubber Coat', 1, 'Linen'),
	(76, 'Reprehenderit rerum sapiente laboriosam voluptatem.', 'Homenick LLC', 'Fantastic Steel Gloves', 1, 'Copper'),
	(77, 'Qui nobis non.', 'Wiegand-Cummerata', 'Sleek Leather Chair', 1, 'Wool'),
	(78, 'Deserunt consequatur est et praesentium quo ipsa iusto.', 'Boehm-Littel', 'Synergistic Marble Shirt', 1, 'Wool'),
	(79, 'Voluptatibus ipsa assumenda architecto illo dicta voluptas quasi.', 'Friesen, Schmidt and Hickle', 'Practical Granite Bag', 1, 'Leather'),
	(80, 'Minus delectus autem eos ut est ad nobis.', 'Kirlin LLC', 'Heavy Duty Steel Gloves', 1, 'Leather'),
	(81, 'Deleniti quasi distinctio corporis laboriosam necessitatibus accusantium rerum.', 'Kuvalis, Reilly and Hoppe', 'Lightweight Marble Keyboard', 1, 'Plastic'),
	(82, 'Dicta sed et reprehenderit atque commodi quod.', 'Keeling, Weber and Gottlieb', 'Durable Marble Clock', 1, 'Leather'),
	(83, 'Non nulla quod officia enim eum voluptas unde.', 'Wiegand, Moore and Breitenberg', 'Gorgeous Marble Bench', 1, 'Steel'),
	(84, 'Facere blanditiis natus.', 'Weissnat LLC', 'Practical Steel Bottle', 1, 'Plastic'),
	(85, 'Dolorem dolorem laborum dolore.', 'Daniel, Davis and Hessel', 'Durable Copper Car', 1, 'Iron'),
	(86, 'Tempore saepe consequuntur.', 'Bode and Sons', 'Small Rubber Clock', 1, 'Leather'),
	(87, 'A ut quia neque sit et.', 'Armstrong, Orn and Nolan', 'Ergonomic Linen Hat', 1, 'Leather'),
	(88, 'Rerum nobis nulla labore minus.', 'Conn and Sons', 'Lightweight Marble Clock', 1, 'Wooden'),
	(89, 'A voluptatem cumque eos at.', 'Walter and Sons', 'Rustic Granite Bottle', 1, 'Paper'),
	(90, 'Sunt ad harum et.', 'Gislason LLC', 'Intelligent Plastic Watch', 1, 'Marble'),
	(91, 'Quos non amet excepturi iste exercitationem.', 'Jakubowski-Johnson', 'Mediocre Silk Gloves', 1, 'Wool'),
	(92, 'Cum ea quod rerum et sint.', 'Block, Kreiger and Considine', 'Enormous Steel Car', 1, 'Silk'),
	(93, 'Consectetur eos esse repellat dolorem dolor excepturi sunt.', 'Fisher Inc', 'Practical Steel Chair', 1, 'Concrete'),
	(94, 'Tempora illum ut laudantium qui.', 'Kris-Wilderman', 'Rustic Plastic Watch', 1, 'Concrete'),
	(95, 'Repudiandae autem exercitationem unde sed sunt.', 'Schmidt-Senger', 'Awesome Wooden Shoes', 1, 'Wool'),
	(96, 'Vel magnam ducimus amet et consequatur.', 'Moen-Fadel', 'Synergistic Linen Keyboard', 1, 'Concrete'),
	(97, 'Eligendi sunt magnam vero dicta.', 'Jerde Group', 'Incredible Concrete Hat', 1, 'Aluminum'),
	(98, 'Voluptatem asperiores modi.', 'Feest, Schultz and Halvorson', 'Practical Bronze Shoes', 1, 'Rubber'),
	(99, 'Impedit doloribus quo.', 'Hand-Gaylord', 'Heavy Duty Leather Lamp', 1, 'Rubber'),
	(100, 'Esse explicabo impedit non aliquam beatae quasi.', 'Shields-Bednar', 'Small Granite Computer', 1, 'Copper'),
	(101, 'Non voluptates quo sit sunt quo voluptatem voluptatem.', 'Feest LLC', 'Practical Marble Shoes', 1, 'Wooden'),
	(102, 'Ab fugit ea repellat commodi aspernatur aut aut.', 'Crooks-Smith', 'Awesome Rubber Wallet', 1, 'Rubber'),
	(103, 'Magnam eveniet eum nobis.', 'Upton Inc', 'Durable Silk Chair', 1, 'Paper'),
	(104, 'Recusandae doloremque sequi odit quia assumenda neque velit.', 'Jaskolski, Stehr and Mohr', 'Fantastic Iron Gloves', 1, 'Steel'),
	(105, 'Animi asperiores officiis.', 'Rodriguez-Grimes', 'Fantastic Linen Bench', 1, 'Wool'),
	(106, 'Sint atque impedit aut quia et.', 'Brekke, Metz and Kunde', 'Small Iron Coat', 1, 'Wool'),
	(107, 'Doloribus voluptas non.', 'Harvey-Wunsch', 'Small Cotton Shoes', 1, 'Leather'),
	(108, 'Tempora voluptatem voluptate velit.', 'Goodwin, Purdy and Hyatt', 'Mediocre Wool Plate', 1, 'Rubber'),
	(109, 'Accusantium corrupti nihil dolores consequuntur.', 'Walter Inc', 'Aerodynamic Plastic Computer', 1, 'Copper'),
	(110, 'Aut consequatur autem vel libero.', 'Jaskolski, Robel and Bahringer', 'Aerodynamic Aluminum Computer', 1, 'Linen'),
	(111, 'Voluptatem quae ratione corporis quisquam harum aut.', 'Moen and Sons', 'Rustic Leather Watch', 1, 'Paper'),
	(112, 'Aut ut expedita.', 'Fadel, Pouros and Mosciski', 'Gorgeous Marble Table', 1, 'Linen'),
	(113, 'Est numquam consequatur illo dolores.', 'Greenfelder-Mills', 'Synergistic Marble Bag', 1, 'Steel'),
	(114, 'Aut et saepe numquam in.', 'Blanda Group', 'Fantastic Silk Shoes', 1, 'Copper'),
	(115, 'Pariatur nisi et aperiam impedit et consequatur.', 'Turner-Durgan', 'Heavy Duty Steel Bench', 1, 'Wool'),
	(116, 'Dicta ut autem id vitae aut.', 'Gutmann, Kautzer and D\'Amore', 'Incredible Granite Lamp', 1, 'Cotton'),
	(117, 'Sit quos sed nesciunt et.', 'Nader, Ullrich and Miller', 'Rustic Cotton Wallet', 1, 'Steel'),
	(118, 'Ex iusto labore ut.', 'Balistreri, Crist and Rolfson', 'Small Silk Car', 1, 'Iron'),
	(119, 'Alias magnam quibusdam laborum fugiat eaque.', 'Jones-Beatty', 'Intelligent Paper Wallet', 1, 'Cotton'),
	(120, 'Aut unde sint.', 'McKenzie LLC', 'Mediocre Aluminum Clock', 1, 'Wool'),
	(121, 'Aliquid alias id eius facere maxime omnis rem.', 'Trantow Group', 'Mediocre Steel Knife', 1, 'Granite'),
	(122, 'Omnis minus adipisci saepe ullam.', 'Trantow, Turner and Aufderhar', 'Ergonomic Leather Clock', 1, 'Concrete'),
	(123, 'Aut hic ut illum eum.', 'Williamson Group', 'Small Granite Gloves', 1, 'Iron'),
	(124, 'Autem nam ullam odio enim qui odit in.', 'Bins-Corkery', 'Incredible Wooden Pants', 1, 'Linen'),
	(125, 'Aperiam quos iusto aut veniam.', 'Hilpert, Corwin and Greenfelder', 'Fantastic Cotton Bench', 1, 'Paper'),
	(126, 'A iste odit.', 'Grant Group', 'Heavy Duty Linen Hat', 1, 'Copper'),
	(127, 'Quo quia sed quibusdam ea.', 'Veum and Sons', 'Awesome Silk Coat', 1, 'Leather'),
	(128, 'Unde et excepturi aliquid saepe non.', 'Aufderhar-Senger', 'Small Aluminum Clock', 1, 'Wool'),
	(129, 'Dignissimos accusamus qui cumque est.', 'Wisoky-Robel', 'Heavy Duty Leather Computer', 1, 'Iron'),
	(130, 'Non harum cumque deleniti dolorem explicabo omnis.', 'Goodwin, Hickle and O\'Conner', 'Heavy Duty Iron Watch', 1, 'Paper'),
	(131, 'Eius sint perspiciatis.', 'Gutmann and Sons', 'Synergistic Aluminum Lamp', 1, 'Concrete'),
	(132, 'Soluta magnam tempora est aut mollitia harum sint.', 'Miller-Carter', 'Ergonomic Wool Chair', 1, 'Leather'),
	(133, 'Sit dolorem et.', 'Runolfsdottir-Roob', 'Lightweight Steel Bottle', 1, 'Concrete'),
	(134, 'Nobis omnis labore ex fugit dignissimos.', 'Hahn, Dach and Smitham', 'Lightweight Steel Hat', 1, 'Wooden'),
	(135, 'Aliquid quia qui explicabo quasi ut aut sed.', 'Hauck-Reichel', 'Rustic Copper Table', 1, 'Steel'),
	(136, 'Qui deserunt modi.', 'Ebert Group', 'Practical Concrete Knife', 1, 'Marble'),
	(137, 'Dolores quae enim itaque.', 'Kiehn, Kshlerin and Bernier', 'Awesome Iron Chair', 1, 'Wool'),
	(138, 'Dolorem quia unde est.', 'Powlowski-Treutel', 'Durable Wool Bottle', 1, 'Copper'),
	(139, 'Quia aspernatur dolorem id consequatur.', 'Parker and Sons', 'Awesome Cotton Table', 1, 'Wool'),
	(140, 'Illo vero accusantium et nam voluptatem.', 'McClure-Weissnat', 'Awesome Leather Watch', 1, 'Linen'),
	(141, 'Veniam quae delectus libero aut.', 'Durgan, Murphy and Harvey', 'Synergistic Rubber Wallet', 1, 'Cotton'),
	(142, 'Laudantium sit vel exercitationem et.', 'Keebler, Kilback and Cummings', 'Durable Copper Coat', 1, 'Leather'),
	(143, 'Nobis sequi temporibus.', 'Koelpin-Hegmann', 'Intelligent Plastic Chair', 1, 'Iron'),
	(144, 'Distinctio laudantium modi.', 'Hermiston-Mills', 'Sleek Marble Wallet', 1, 'Cotton'),
	(145, 'Et fugiat dolore mollitia optio.', 'Feeney-Harris', 'Awesome Steel Car', 1, 'Leather'),
	(146, 'Et quidem nemo quasi.', 'Marks-Crooks', 'Lightweight Wooden Knife', 1, 'Bronze'),
	(147, 'Molestias et est dignissimos maiores itaque et.', 'Bergstrom, Tromp and Turner', 'Mediocre Leather Watch', 1, 'Wooden'),
	(148, 'Est quaerat totam.', 'Volkman, McCullough and Connelly', 'Ergonomic Cotton Lamp', 1, 'Leather'),
	(149, 'Quo accusamus sed dolorem quidem non necessitatibus atque.', 'Dickinson-Jast', 'Fantastic Copper Computer', 1, 'Plastic'),
	(150, 'Nemo qui eum molestias deserunt commodi deserunt.', 'Rice, Wilkinson and Morissette', 'Gorgeous Rubber Knife', 1, 'Wooden'),
	(151, 'Aut dolorem ut at blanditiis iure.', 'Rosenbaum LLC', 'Mediocre Wool Keyboard', 1, 'Concrete'),
	(152, 'Modi consequatur repellendus dolor rerum.', 'Mitchell-Wolf', 'Synergistic Rubber Wallet', 1, 'Copper'),
	(153, 'Vel placeat nihil dolore cum qui dolor.', 'Ryan-Ankunding', 'Gorgeous Steel Keyboard', 1, 'Wooden'),
	(154, 'Et cupiditate expedita odit doloribus maxime.', 'Zieme, Okuneva and Reilly', 'Durable Plastic Hat', 1, 'Rubber'),
	(155, 'Non non dolorem sunt.', 'Haag-Graham', 'Intelligent Paper Bench', 1, 'Silk'),
	(156, 'Et voluptas qui.', 'Miller, Roberts and Wiegand', 'Intelligent Leather Shirt', 1, 'Bronze'),
	(157, 'Quia facilis eos dolore explicabo pariatur eius sit.', 'Welch-Gibson', 'Intelligent Rubber Watch', 1, 'Copper'),
	(158, 'Sunt cumque nihil quod similique.', 'Heaney LLC', 'Intelligent Iron Keyboard', 1, 'Copper'),
	(159, 'Quis aut quis ipsa aut ab.', 'Ritchie-Donnelly', 'Intelligent Marble Lamp', 1, 'Steel'),
	(160, 'Omnis rem mollitia totam modi laboriosam mollitia dignissimos.', 'Wilderman-Marvin', 'Lightweight Iron Bench', 1, 'Plastic'),
	(161, 'Rerum ut sunt voluptatum repellendus.', 'Bartell, Altenwerth and Predovic', 'Incredible Cotton Knife', 1, 'Cotton'),
	(162, 'Aut aliquid voluptatem ad laudantium unde.', 'Hauck-Wunsch', 'Lightweight Iron Pants', 1, 'Iron'),
	(163, 'Velit atque quia.', 'Howe Group', 'Heavy Duty Marble Watch', 1, 'Aluminum'),
	(164, 'Sunt delectus amet qui perferendis.', 'Ferry, Von and Schulist', 'Lightweight Plastic Bottle', 1, 'Copper'),
	(165, 'Itaque dolor sint libero laboriosam molestiae libero.', 'Quitzon-Ebert', 'Awesome Concrete Computer', 1, 'Plastic'),
	(166, 'Similique aut animi nobis.', 'Hirthe-Aufderhar', 'Intelligent Wool Chair', 1, 'Rubber'),
	(167, 'Est hic et.', 'Anderson Group', 'Synergistic Plastic Coat', 1, 'Linen'),
	(168, 'Omnis qui et eos consequatur expedita.', 'Bauch LLC', 'Rustic Cotton Shoes', 1, 'Iron'),
	(169, 'Rerum incidunt repellendus voluptatibus temporibus exercitationem error laudantium.', 'Bradtke, Ziemann and Wolf', 'Lightweight Granite Lamp', 1, 'Linen'),
	(170, 'Et vel sed ea in quos.', 'Barton Inc', 'Durable Silk Clock', 1, 'Iron'),
	(171, 'Possimus modi nobis.', 'Goyette, Langosh and Schultz', 'Mediocre Plastic Bench', 1, 'Steel'),
	(172, 'Quae ea laudantium id qui nisi dolor.', 'Streich, Senger and Gorczany', 'Ergonomic Cotton Bench', 1, 'Silk'),
	(173, 'Suscipit dolorum consequatur explicabo perferendis dignissimos.', 'Quigley-Corwin', 'Synergistic Linen Car', 1, 'Silk'),
	(174, 'Perferendis occaecati aut quia occaecati expedita quae reiciendis.', 'Weimann, Fay and Stehr', 'Rustic Cotton Gloves', 1, 'Leather'),
	(175, 'Quod et quas ipsam porro.', 'Donnelly LLC', 'Practical Marble Keyboard', 1, 'Leather'),
	(176, 'Deserunt facilis modi eos non.', 'Corwin, Gulgowski and Lowe', 'Practical Paper Bench', 1, 'Plastic'),
	(177, 'Aut quam rerum quidem impedit autem.', 'Hane-Kirlin', 'Enormous Wooden Clock', 1, 'Aluminum'),
	(178, 'Voluptate odit mollitia maiores eos vel voluptate est.', 'Oberbrunner Inc', 'Practical Bronze Computer', 1, 'Aluminum'),
	(179, 'Magni blanditiis sunt occaecati officia omnis consequuntur voluptatem.', 'Moore, Lubowitz and Bahringer', 'Awesome Aluminum Lamp', 1, 'Concrete'),
	(180, 'Nulla deleniti id fuga repudiandae.', 'Rolfson Inc', 'Rustic Silk Lamp', 1, 'Plastic'),
	(181, 'Sit eos commodi aut sit quasi.', 'Strosin-Cremin', 'Rustic Granite Plate', 1, 'Marble'),
	(182, 'Ut rerum quas voluptatem est.', 'Moore and Sons', 'Intelligent Steel Clock', 1, 'Copper'),
	(183, 'A error ea ipsum sed exercitationem excepturi.', 'Rolfson-Heidenreich', 'Awesome Wool Bottle', 1, 'Wool'),
	(184, 'Ea et quas nihil earum sapiente non et.', 'Halvorson-Wyman', 'Incredible Plastic Shirt', 1, 'Wool'),
	(185, 'Vel et dolores dignissimos consequuntur assumenda qui id.', 'Cronin, Prosacco and Bergstrom', 'Heavy Duty Plastic Shoes', 1, 'Bronze'),
	(186, 'Et officia eum aliquid eveniet similique distinctio facere.', 'Konopelski and Sons', 'Synergistic Cotton Shoes', 1, 'Copper'),
	(187, 'Saepe ut ea qui neque.', 'Olson, Mraz and Ryan', 'Sleek Concrete Shoes', 1, 'Marble'),
	(188, 'Voluptatem quam distinctio nemo.', 'Larson-Spinka', 'Sleek Cotton Table', 1, 'Rubber'),
	(189, 'Non voluptates minus dolorem illo.', 'Dickens Group', 'Rustic Rubber Lamp', 1, 'Paper'),
	(190, 'Debitis praesentium architecto ea deleniti repellendus.', 'Schneider, Sanford and Thiel', 'Fantastic Rubber Car', 1, 'Cotton'),
	(191, 'Quam asperiores id consequatur.', 'Gusikowski Inc', 'Lightweight Copper Clock', 1, 'Cotton'),
	(192, 'Est a laborum praesentium.', 'Purdy, Schultz and Ullrich', 'Synergistic Copper Computer', 1, 'Cotton'),
	(193, 'Repellendus sunt accusamus nisi iusto.', 'Corkery Group', 'Gorgeous Leather Chair', 1, 'Iron'),
	(194, 'Voluptatum molestiae praesentium architecto eos doloribus.', 'Hermann LLC', 'Fantastic Wool Wallet', -1, 'Rubber'),
	(195, 'Aut dolore labore est a.', 'Mann Group', 'Durable Silk Wallet', 1, 'Silk'),
	(196, 'Consequuntur quia harum.', 'Jacobson Group', 'Lightweight Aluminum Bench', 1, 'Bronze'),
	(197, 'Qui sequi consectetur maxime rem sint sit doloribus.', 'Marks, Franecki and Schmitt', 'Small Wool Bag', 1, 'Paper'),
	(198, 'Architecto ut in asperiores.', 'Kohler Inc', 'Fantastic Copper Chair', 1, 'Leather'),
	(199, 'Ullam ea commodi nisi.', 'Schultz, Leuschke and Windler', 'Enormous Linen Computer', -1, 'Plastic'),
	(200, 'Hic non ipsam sit sunt dicta quasi veritatis.', 'Crooks Inc', 'Rustic Concrete Computer', -1, 'Wooden');

-- Dumping structure for table shopping-app.product_image
CREATE TABLE IF NOT EXISTS `product_image` (
  `image_id` bigint(20) NOT NULL AUTO_INCREMENT,
  `alternative` varchar(250) DEFAULT NULL,
  `path` varchar(250) NOT NULL,
  `product_id` bigint(20) DEFAULT NULL,
  PRIMARY KEY (`image_id`),
  KEY `FK6oo0cvcdtb6qmwsga468uuukk` (`product_id`),
  CONSTRAINT `FK6oo0cvcdtb6qmwsga468uuukk` FOREIGN KEY (`product_id`) REFERENCES `product` (`product_id`)
) ENGINE=InnoDB AUTO_INCREMENT=401 DEFAULT CHARSET=latin1 COLLATE=latin1_swedish_ci;

-- Dumping data for table shopping-app.product_image: ~200 rows (approximately)
DELETE FROM `product_image`;
INSERT INTO `product_image` (`image_id`, `alternative`, `path`, `product_id`) VALUES
	(201, 'Reiciendis nihil dolorem ut voluptatem quae excepturi.', 'https://picsum.photos/1366/768', 1),
	(202, 'Quae libero ut atque et quia alias.', 'https://picsum.photos/1024/768', 2),
	(203, 'Quis ratione quisquam praesentium.', 'https://picsum.photos/320/200', 3),
	(204, 'Explicabo et reprehenderit est numquam omnis et.', 'https://picsum.photos/1280/1024', 4),
	(205, 'Dolor minus qui quisquam.', 'https://picsum.photos/1600/1200', 5),
	(206, 'Quo quod sint ut velit velit hic at.', 'https://picsum.photos/640/200', 6),
	(207, 'Hic iusto facilis dolore rerum.', 'https://picsum.photos/1024/768', 7),
	(208, 'Consequuntur tempora perferendis culpa est amet veritatis.', 'https://picsum.photos/1024/768', 8),
	(209, 'Animi fugit exercitationem debitis quo ut est quae.', 'https://picsum.photos/1600/1200', 9),
	(210, 'Quisquam consequatur mollitia tempora provident est.', 'https://picsum.photos/640/350', 10),
	(211, 'Et qui velit est nostrum dolorum veritatis.', 'https://picsum.photos/320/200', 11),
	(212, 'Consequatur vero qui fugiat maiores saepe.', 'https://picsum.photos/1920/1200', 12),
	(213, 'Cupiditate molestiae veniam natus.', 'https://picsum.photos/1680/1050', 13),
	(214, 'Laboriosam fuga numquam aut blanditiis.', 'https://picsum.photos/320/200', 14),
	(215, 'Placeat quae ipsa quasi expedita.', 'https://picsum.photos/640/200', 15),
	(216, 'Et voluptates quisquam dolorum nihil eum.', 'https://picsum.photos/1366/768', 16),
	(217, 'Voluptas accusamus eos minus.', 'https://picsum.photos/1600/1200', 17),
	(218, 'Aperiam et consequatur quo.', 'https://picsum.photos/320/200', 18),
	(219, 'Et ut nulla sit ut et.', 'https://picsum.photos/1600/1200', 19),
	(220, 'Vel ipsam consequatur quia soluta.', 'https://picsum.photos/640/350', 20),
	(221, 'Eligendi voluptates quos.', 'https://picsum.photos/640/200', 21),
	(222, 'Sint quod dolores perspiciatis cum consequatur sapiente.', 'https://picsum.photos/640/200', 22),
	(223, 'Sit quidem modi et voluptatem sunt animi ea.', 'https://picsum.photos/1920/1200', 23),
	(224, 'Pariatur possimus exercitationem culpa cupiditate eos quam.', 'https://picsum.photos/640/350', 24),
	(225, 'Ullam quia magni consectetur qui asperiores necessitatibus et.', 'https://picsum.photos/1920/1200', 25),
	(226, 'Deserunt dolores quasi unde qui nesciunt.', 'https://picsum.photos/640/480', 26),
	(227, 'Sequi voluptatem soluta.', 'https://picsum.photos/1600/1200', 27),
	(228, 'Amet ut itaque a.', 'https://picsum.photos/1680/1050', 28),
	(229, 'Debitis provident dolorem.', 'https://picsum.photos/640/480', 29),
	(230, 'Earum cupiditate recusandae eum et.', 'https://picsum.photos/1280/1024', 30),
	(231, 'Soluta voluptas ad in explicabo velit ipsa.', 'https://picsum.photos/1600/1200', 31),
	(232, 'Ullam illo expedita et saepe aut.', 'https://picsum.photos/720/348', 32),
	(233, 'Nobis ea rerum.', 'https://picsum.photos/640/200', 33),
	(234, 'Fuga maxime sint et inventore doloribus tenetur magnam.', 'https://picsum.photos/640/350', 34),
	(235, 'Iure nesciunt dolor voluptas voluptates porro aut.', 'https://picsum.photos/1280/1024', 35),
	(236, 'Omnis asperiores quo.', 'https://picsum.photos/1920/1200', 36),
	(237, 'Cum hic dolorem nesciunt necessitatibus voluptatem dicta.', 'https://picsum.photos/1600/1200', 37),
	(238, 'Quia reiciendis eos quia eos.', 'https://picsum.photos/1280/1024', 38),
	(239, 'Error eaque amet sapiente inventore ratione.', 'https://picsum.photos/1600/1200', 39),
	(240, 'Impedit cupiditate quas rerum.', 'https://picsum.photos/720/348', 40),
	(241, 'Ut et ut.', 'https://picsum.photos/640/480', 41),
	(242, 'Consequatur unde officia commodi fugiat nemo quibusdam.', 'https://picsum.photos/1280/1024', 42),
	(243, 'Cupiditate sit non dolorem eaque fuga.', 'https://picsum.photos/1600/1200', 43),
	(244, 'Aspernatur enim officia maxime aut.', 'https://picsum.photos/720/348', 44),
	(245, 'Sed corrupti autem et molestias est voluptatem repellendus.', 'https://picsum.photos/640/350', 45),
	(246, 'Nemo doloremque ea ut error ullam.', 'https://picsum.photos/640/480', 46),
	(247, 'Sint eius ipsa.', 'https://picsum.photos/1024/768', 47),
	(248, 'Sint aliquid dolor unde eaque omnis quidem aut.', 'https://picsum.photos/1680/1050', 48),
	(249, 'Ea maiores quod atque accusamus minus vitae.', 'https://picsum.photos/640/200', 49),
	(250, 'Mollitia quo velit dignissimos sint quas.', 'https://picsum.photos/1920/1200', 50),
	(251, 'Pariatur sed est odit nihil temporibus.', 'https://picsum.photos/1366/768', 51),
	(252, 'Aspernatur dolore hic ex.', 'https://picsum.photos/1680/1050', 52),
	(253, 'Aut est recusandae dolor dignissimos.', 'https://picsum.photos/640/200', 53),
	(254, 'Deleniti maiores doloribus.', 'https://picsum.photos/640/480', 54),
	(255, 'Veritatis repellendus nihil.', 'https://picsum.photos/1600/1200', 55),
	(256, 'Non quo exercitationem aut mollitia.', 'https://picsum.photos/1280/1024', 56),
	(257, 'Eligendi in et et error sed maxime ut.', 'https://picsum.photos/1600/1200', 57),
	(258, 'Ipsam commodi aliquid excepturi qui.', 'https://picsum.photos/1680/1050', 58),
	(259, 'Molestias est distinctio amet debitis aspernatur assumenda placeat.', 'https://picsum.photos/640/350', 59),
	(260, 'Maxime sapiente voluptatibus aut ipsa atque enim voluptatem.', 'https://picsum.photos/640/480', 60),
	(261, 'Sit delectus omnis sint magnam.', 'https://picsum.photos/1280/1024', 61),
	(262, 'Architecto pariatur qui aut.', 'https://picsum.photos/1680/1050', 62),
	(263, 'Asperiores eveniet et beatae quia dignissimos maiores placeat.', 'https://picsum.photos/720/348', 63),
	(264, 'Hic minus est esse velit.', 'https://picsum.photos/1680/1050', 64),
	(265, 'Ut officiis est perferendis molestiae rerum.', 'https://picsum.photos/1024/768', 65),
	(266, 'Quibusdam et tempora alias et cumque sequi quia.', 'https://picsum.photos/1366/768', 66),
	(267, 'Maxime quas magnam dolorem incidunt et sit laudantium.', 'https://picsum.photos/1680/1050', 67),
	(268, 'Rerum qui a.', 'https://picsum.photos/1366/768', 68),
	(269, 'A numquam blanditiis voluptas nemo velit.', 'https://picsum.photos/640/480', 69),
	(270, 'Occaecati nobis sequi voluptate hic sunt corrupti esse.', 'https://picsum.photos/640/480', 70),
	(271, 'Reprehenderit voluptatum voluptatem possimus nulla aut deleniti.', 'https://picsum.photos/720/348', 71),
	(272, 'Amet voluptatem ratione neque temporibus error quisquam.', 'https://picsum.photos/1920/1200', 72),
	(273, 'Vel itaque dolore aut accusamus est et pariatur.', 'https://picsum.photos/1920/1200', 73),
	(274, 'Nihil non veritatis eos.', 'https://picsum.photos/1600/1200', 74),
	(275, 'Aut ut quisquam ea officiis.', 'https://picsum.photos/1024/768', 75),
	(276, 'Accusantium aliquam provident rerum temporibus dolorum.', 'https://picsum.photos/1600/1200', 76),
	(277, 'Nisi dolore id placeat laboriosam odio.', 'https://picsum.photos/640/480', 77),
	(278, 'Ut quia totam.', 'https://picsum.photos/1600/1200', 78),
	(279, 'Sequi numquam autem vel rerum.', 'https://picsum.photos/1600/1200', 79),
	(280, 'Nesciunt eius temporibus consequatur magnam deserunt dolores.', 'https://picsum.photos/1680/1050', 80),
	(281, 'Reiciendis rerum laboriosam.', 'https://picsum.photos/640/350', 81),
	(282, 'Cum et sit corrupti laudantium rerum.', 'https://picsum.photos/1600/1200', 82),
	(283, 'Et sed ut inventore.', 'https://picsum.photos/1366/768', 83),
	(284, 'Et aliquam rem esse laudantium natus non rem.', 'https://picsum.photos/1680/1050', 84),
	(285, 'Natus illo rerum.', 'https://picsum.photos/1280/1024', 85),
	(286, 'Velit hic cum velit libero nihil.', 'https://picsum.photos/1024/768', 86),
	(287, 'Deserunt nihil sint.', 'https://picsum.photos/1280/1024', 87),
	(288, 'Aut aut enim quia.', 'https://picsum.photos/640/200', 88),
	(289, 'Odit ipsa repellat sint voluptatum.', 'https://picsum.photos/640/200', 89),
	(290, 'Eaque beatae omnis beatae.', 'https://picsum.photos/640/480', 90),
	(291, 'Illo cum eveniet fugiat aut ut provident nostrum.', 'https://picsum.photos/320/200', 91),
	(292, 'Quis voluptatem voluptas.', 'https://picsum.photos/1680/1050', 92),
	(293, 'Distinctio quis odio iure minus quae.', 'https://picsum.photos/640/200', 93),
	(294, 'Et sit ut qui non ad non.', 'https://picsum.photos/1600/1200', 94),
	(295, 'Eveniet debitis laboriosam maxime aliquid.', 'https://picsum.photos/1600/1200', 95),
	(296, 'Exercitationem at aut dolore.', 'https://picsum.photos/1024/768', 96),
	(297, 'Et mollitia exercitationem aut voluptatem maiores.', 'https://picsum.photos/1920/1200', 97),
	(298, 'Nihil error eos quo occaecati eum ex iste.', 'https://picsum.photos/1280/1024', 98),
	(299, 'Aliquam totam laudantium et.', 'https://picsum.photos/1680/1050', 99),
	(300, 'Quasi illo labore corporis.', 'https://picsum.photos/1280/1024', 100),
	(301, 'Provident fugiat autem id et qui aliquid nemo.', 'https://picsum.photos/320/200', 101),
	(302, 'Adipisci vitae dolores animi.', 'https://picsum.photos/1680/1050', 102),
	(303, 'Quibusdam quisquam doloribus quia sint.', 'https://picsum.photos/640/200', 103),
	(304, 'Aliquid consequuntur nihil ullam.', 'https://picsum.photos/1920/1200', 104),
	(305, 'Ut eos blanditiis doloremque iusto.', 'https://picsum.photos/320/200', 105),
	(306, 'Ut doloribus omnis.', 'https://picsum.photos/1366/768', 106),
	(307, 'Unde delectus ipsam porro.', 'https://picsum.photos/320/200', 107),
	(308, 'Quibusdam ut sapiente.', 'https://picsum.photos/1024/768', 108),
	(309, 'Cupiditate omnis sit.', 'https://picsum.photos/1680/1050', 109),
	(310, 'Cumque ipsum id nisi esse est.', 'https://picsum.photos/1920/1200', 110),
	(311, 'Nihil possimus voluptas modi cumque.', 'https://picsum.photos/640/480', 111),
	(312, 'Consequatur culpa dolore impedit soluta ratione autem ipsa.', 'https://picsum.photos/1366/768', 112),
	(313, 'Qui aut similique dolores velit.', 'https://picsum.photos/1280/1024', 113),
	(314, 'Id id reiciendis id ut.', 'https://picsum.photos/1600/1200', 114),
	(315, 'Blanditiis molestias nam voluptas natus.', 'https://picsum.photos/640/350', 115),
	(316, 'Deserunt ut sed.', 'https://picsum.photos/720/348', 116),
	(317, 'Quis dolore voluptatum nihil molestiae incidunt.', 'https://picsum.photos/1600/1200', 117),
	(318, 'Aliquid alias et.', 'https://picsum.photos/720/348', 118),
	(319, 'Similique perspiciatis error laborum.', 'https://picsum.photos/1280/1024', 119),
	(320, 'Amet est quam.', 'https://picsum.photos/640/200', 120),
	(321, 'In quos et nam nisi eaque illum.', 'https://picsum.photos/1600/1200', 121),
	(322, 'Sint est voluptatem sed accusamus repellendus.', 'https://picsum.photos/640/350', 122),
	(323, 'Ratione qui consequatur modi repellendus et maxime.', 'https://picsum.photos/1600/1200', 123),
	(324, 'Voluptate omnis rem deleniti.', 'https://picsum.photos/720/348', 124),
	(325, 'Incidunt quisquam accusantium quisquam.', 'https://picsum.photos/1680/1050', 125),
	(326, 'Aut eveniet quia ea laborum blanditiis dignissimos.', 'https://picsum.photos/720/348', 126),
	(327, 'Eum sit dolores atque harum.', 'https://picsum.photos/640/480', 127),
	(328, 'Et sint harum et facilis iusto quia suscipit.', 'https://picsum.photos/1366/768', 128),
	(329, 'Aspernatur voluptatem qui eos.', 'https://picsum.photos/1600/1200', 129),
	(330, 'A necessitatibus facere iure earum alias quam.', 'https://picsum.photos/640/200', 130),
	(331, 'Nemo ad aperiam soluta ut.', 'https://picsum.photos/1024/768', 131),
	(332, 'Nemo fugiat omnis reiciendis vel ut veniam.', 'https://picsum.photos/1920/1200', 132),
	(333, 'Sed porro aut necessitatibus non quis.', 'https://picsum.photos/1600/1200', 133),
	(334, 'Omnis quas unde exercitationem voluptas.', 'https://picsum.photos/1366/768', 134),
	(335, 'Occaecati ea voluptates qui qui.', 'https://picsum.photos/720/348', 135),
	(336, 'Eveniet architecto blanditiis voluptatum repellendus tempore architecto laudantium.', 'https://picsum.photos/320/200', 136),
	(337, 'Saepe repudiandae ut doloremque quo.', 'https://picsum.photos/1920/1200', 137),
	(338, 'Nemo expedita repellat.', 'https://picsum.photos/640/200', 138),
	(339, 'Aliquam qui provident sequi fugit nisi odio tempora.', 'https://picsum.photos/1024/768', 139),
	(340, 'Sunt aut ut consequuntur.', 'https://picsum.photos/1600/1200', 140),
	(341, 'Nihil et accusantium quis laudantium.', 'https://picsum.photos/720/348', 141),
	(342, 'Non tempora ut.', 'https://picsum.photos/640/350', 142),
	(343, 'Eum porro voluptas sit delectus dolorem amet molestias.', 'https://picsum.photos/1366/768', 143),
	(344, 'Nisi dignissimos iusto omnis.', 'https://picsum.photos/640/350', 144),
	(345, 'Asperiores in et omnis.', 'https://picsum.photos/1280/1024', 145),
	(346, 'Officiis numquam quibusdam qui quod.', 'https://picsum.photos/1680/1050', 146),
	(347, 'Sit rerum veritatis sed est voluptas laborum.', 'https://picsum.photos/1366/768', 147),
	(348, 'Est et non.', 'https://picsum.photos/640/350', 148),
	(349, 'Earum aut et.', 'https://picsum.photos/640/350', 149),
	(350, 'Vitae nisi magni et debitis aut.', 'https://picsum.photos/720/348', 150),
	(351, 'Perferendis a eaque dolor sed nobis.', 'https://picsum.photos/640/480', 151),
	(352, 'Sunt veritatis est error.', 'https://picsum.photos/640/350', 152),
	(353, 'Dolorum quibusdam et maiores beatae quia est.', 'https://picsum.photos/320/200', 153),
	(354, 'Vel atque enim facilis.', 'https://picsum.photos/1920/1200', 154),
	(355, 'Unde qui officia dolorem.', 'https://picsum.photos/1366/768', 155),
	(356, 'Sit qui voluptates magnam nobis doloremque.', 'https://picsum.photos/720/348', 156),
	(357, 'Cumque aspernatur voluptas quia et et quidem.', 'https://picsum.photos/640/200', 157),
	(358, 'In cumque veniam eius dignissimos velit.', 'https://picsum.photos/640/200', 158),
	(359, 'Eum facilis in tenetur minima quo.', 'https://picsum.photos/320/200', 159),
	(360, 'Dignissimos facere aut perferendis et optio est autem.', 'https://picsum.photos/1366/768', 160),
	(361, 'Voluptatibus dolorem nihil ipsa.', 'https://picsum.photos/640/480', 161),
	(362, 'Sunt eos non quia molestiae laborum qui.', 'https://picsum.photos/1280/1024', 162),
	(363, 'Enim a rerum quam amet.', 'https://picsum.photos/1920/1200', 163),
	(364, 'Qui ut fuga esse ipsum ab cum.', 'https://picsum.photos/640/350', 164),
	(365, 'Consequatur dolorum est.', 'https://picsum.photos/640/480', 165),
	(366, 'Accusamus fugiat atque rerum officiis.', 'https://picsum.photos/720/348', 166),
	(367, 'Harum occaecati quae.', 'https://picsum.photos/640/480', 167),
	(368, 'Facere illum necessitatibus doloribus voluptatem.', 'https://picsum.photos/1680/1050', 168),
	(369, 'Et quae fugiat aut quo deleniti laboriosam.', 'https://picsum.photos/720/348', 169),
	(370, 'Harum ut eveniet voluptatem occaecati eveniet.', 'https://picsum.photos/720/348', 170),
	(371, 'Maiores voluptatem itaque ipsum eligendi.', 'https://picsum.photos/320/200', 171),
	(372, 'Est occaecati consequuntur nemo quidem.', 'https://picsum.photos/640/350', 172),
	(373, 'Nemo ad est aut repellat rem fugit.', 'https://picsum.photos/640/350', 173),
	(374, 'Ut fuga pariatur maiores natus.', 'https://picsum.photos/1680/1050', 174),
	(375, 'Nulla eos voluptates voluptas iure perspiciatis eum.', 'https://picsum.photos/320/200', 175),
	(376, 'Et eos iusto rerum vel aut.', 'https://picsum.photos/1366/768', 176),
	(377, 'Perferendis et cupiditate eum.', 'https://picsum.photos/1600/1200', 177),
	(378, 'Reiciendis velit deleniti porro voluptatum recusandae consequatur.', 'https://picsum.photos/320/200', 178),
	(379, 'Atque aliquam autem non vel.', 'https://picsum.photos/720/348', 179),
	(380, 'Dignissimos voluptatem dolore fuga porro rerum.', 'https://picsum.photos/1920/1200', 180),
	(381, 'Quod perferendis magnam.', 'https://picsum.photos/640/200', 181),
	(382, 'Fugiat labore voluptatem.', 'https://picsum.photos/640/480', 182),
	(383, 'Illo aspernatur ut aspernatur nulla maiores reprehenderit.', 'https://picsum.photos/640/350', 183),
	(384, 'Ea dolores unde sit dicta deleniti reprehenderit.', 'https://picsum.photos/1366/768', 184),
	(385, 'Aut ullam nulla ullam.', 'https://picsum.photos/1680/1050', 185),
	(386, 'Dolorem enim sapiente voluptatum aspernatur consequatur.', 'https://picsum.photos/640/200', 186),
	(387, 'Qui velit in est ipsam iste aliquam soluta.', 'https://picsum.photos/1280/1024', 187),
	(388, 'Eos molestiae autem sint exercitationem ea quos.', 'https://picsum.photos/1024/768', 188),
	(389, 'Ipsa autem corrupti ut.', 'https://picsum.photos/1280/1024', 189),
	(390, 'Tempora sed a.', 'https://picsum.photos/640/200', 190),
	(391, 'Consequuntur nobis ut perferendis vel qui quas.', 'https://picsum.photos/640/200', 191),
	(392, 'Sapiente qui qui quis maxime id facilis.', 'https://picsum.photos/1366/768', 192),
	(393, 'Fugiat est natus possimus.', 'https://picsum.photos/640/350', 193),
	(394, 'Est alias culpa culpa id.', 'https://picsum.photos/1024/768', 194),
	(395, 'Quae aut iste sint itaque maiores.', 'https://picsum.photos/640/350', 195),
	(396, 'Maiores ab ut praesentium ab dolorem vel id.', 'https://picsum.photos/1920/1200', 196),
	(397, 'Et qui officia.', 'https://picsum.photos/1024/768', 197),
	(398, 'Iusto error cum sint ut aut quia.', 'https://picsum.photos/1600/1200', 198),
	(399, 'Voluptate perferendis ipsa quo sequi ut nihil.', 'https://picsum.photos/1920/1200', 199),
	(400, 'Eos eum nesciunt.', 'https://picsum.photos/1680/1050', 200);

-- Dumping structure for table shopping-app.product_price
CREATE TABLE IF NOT EXISTS `product_price` (
  `price_date_time` datetime(6) NOT NULL,
  `note` varchar(255) DEFAULT NULL,
  `price` double NOT NULL,
  `product_id` bigint(20) NOT NULL,
  PRIMARY KEY (`price_date_time`,`product_id`),
  KEY `FKeupemu63ifqfc4txkskyy1hyi` (`product_id`),
  CONSTRAINT `FKeupemu63ifqfc4txkskyy1hyi` FOREIGN KEY (`product_id`) REFERENCES `product` (`product_id`)
) ENGINE=InnoDB DEFAULT CHARSET=latin1 COLLATE=latin1_swedish_ci;

-- Dumping data for table shopping-app.product_price: ~150 rows (approximately)
DELETE FROM `product_price`;
INSERT INTO `product_price` (`price_date_time`, `note`, `price`, `product_id`) VALUES
	('2020-01-25 05:27:00.000000', 'Saepe velit quia.', 300.12, 2),
	('2020-01-27 17:30:00.000000', 'Libero id sunt autem nisi in perferendis et.', 246.47, 16),
	('2020-02-01 18:57:00.000000', 'Doloremque consequatur maiores sapiente optio nulla qui.', 565.94, 20),
	('2020-02-07 19:34:00.000000', 'Nemo consequatur inventore qui at consectetur eaque.', 427.33, 32),
	('2020-02-09 06:36:00.000000', 'Quod quaerat corrupti quia voluptas repudiandae pariatur.', 420.56, 46),
	('2020-02-12 08:21:00.000000', 'Et iure consequatur eum temporibus.', 812.8, 38),
	('2020-02-21 11:52:00.000000', 'Fugiat voluptatem soluta repellendus impedit eum incidunt.', 515.81, 47),
	('2020-03-06 11:30:00.000000', 'Facere expedita voluptatem ex velit id ipsa eos.', 816.6, 36),
	('2020-03-15 08:38:00.000000', 'Dolorem qui itaque.', 984.5, 42),
	('2020-03-23 17:29:00.000000', 'Id accusamus voluptate perspiciatis iusto ut rerum.', 733.62, 1),
	('2020-03-24 19:43:00.000000', 'Repellat nostrum et doloremque voluptatem at.', 863.1, 12),
	('2020-04-28 23:03:00.000000', 'Voluptatem rem enim dolores impedit nesciunt perspiciatis id.', 878.34, 48),
	('2020-04-30 09:37:00.000000', 'Praesentium voluptatem pariatur earum.', 182.05, 45),
	('2020-05-09 16:53:00.000000', 'Esse natus est.', 807.81, 7),
	('2020-05-18 03:25:00.000000', 'Ex assumenda at dignissimos.', 490.51, 44),
	('2020-05-31 02:42:00.000000', 'Voluptate consequatur libero accusamus beatae ea numquam magni.', 591.18, 3),
	('2020-06-06 22:10:00.000000', 'Ea qui velit omnis in harum cum libero.', 705.36, 39),
	('2020-06-09 09:35:00.000000', 'Corporis dolorum consequatur ipsum magnam id in dolores.', 910.77, 43),
	('2020-06-15 09:22:00.000000', 'A ad odio voluptate.', 443.04, 42),
	('2020-07-08 23:22:00.000000', 'Rerum consequatur odio aperiam minus dignissimos molestiae.', 821.35, 25),
	('2020-07-14 03:07:00.000000', 'Ipsam ducimus labore tenetur eaque quae libero.', 362.02, 31),
	('2020-07-16 07:01:00.000000', 'Quae quod doloribus eos voluptate aut.', 224.22, 14),
	('2020-08-18 07:02:00.000000', 'Reiciendis aspernatur qui quasi magni excepturi atque.', 824.15, 1),
	('2020-08-26 16:00:00.000000', 'Inventore iste libero et.', 422.81, 38),
	('2020-08-28 06:43:00.000000', 'Esse quibusdam pariatur.', 932.55, 50),
	('2020-08-29 17:00:00.000000', 'Ut ducimus quis vel fuga.', 766.25, 42),
	('2020-10-14 21:18:00.000000', 'Ratione repellat in ratione vero inventore minus.', 455.79, 13),
	('2020-10-22 08:20:00.000000', 'Saepe ea pariatur dignissimos maxime quaerat aut.', 887.81, 27),
	('2020-11-19 22:44:00.000000', 'Quae optio odio eum corrupti pariatur.', 177.6, 28),
	('2020-11-23 13:23:00.000000', 'Sit quae aut fugiat exercitationem.', 553.85, 10),
	('2020-11-30 10:56:00.000000', 'Quas occaecati provident voluptate perferendis impedit.', 728.73, 50),
	('2020-12-09 03:55:00.000000', 'Distinctio harum inventore dolor earum.', 245.57, 11),
	('2021-01-03 05:13:00.000000', 'Aut temporibus et reprehenderit ut et et qui.', 351.88, 23),
	('2021-01-05 22:22:00.000000', 'Sed veritatis cumque maxime fugiat at assumenda.', 266.05, 5),
	('2021-01-27 06:04:00.000000', 'Quisquam non fugiat.', 635.02, 21),
	('2021-02-08 01:16:00.000000', 'Corporis ab earum dolorem.', 464.5, 25),
	('2021-02-09 06:01:00.000000', 'Et quos tenetur placeat iure dolorum dolor.', 233.88, 45),
	('2021-02-11 18:21:00.000000', 'Sit beatae repudiandae nesciunt ducimus.', 60.18, 33),
	('2021-02-13 05:20:00.000000', 'Aut eos pariatur dignissimos autem ea.', 106.77, 48),
	('2021-02-19 21:42:00.000000', 'Similique et maiores sint voluptatem laudantium.', 541.27, 30),
	('2021-02-23 04:09:00.000000', 'Numquam neque ipsa autem libero velit sit earum.', 892.86, 11),
	('2021-02-25 19:04:00.000000', 'Ullam dolores et maxime aut sed.', 938.54, 18),
	('2021-02-26 17:10:00.000000', 'Hic dolor et suscipit nostrum exercitationem vero voluptate.', 512.49, 15),
	('2021-03-24 03:09:00.000000', 'Sed ut accusamus deleniti sed.', 238.5, 26),
	('2021-03-26 13:37:00.000000', 'Corporis aspernatur sunt ipsam quos ullam consequuntur dolorem.', 938.99, 9),
	('2021-04-06 08:55:00.000000', 'Hic odit labore magni et vero id molestias.', 481.19, 28),
	('2021-05-14 02:02:00.000000', 'Quia voluptas quia architecto maxime.', 492.01, 24),
	('2021-05-21 02:17:00.000000', 'Velit ratione beatae.', 223.28, 35),
	('2021-05-22 05:24:00.000000', 'Est ex in aut quia.', 608.48, 49),
	('2021-05-22 12:41:00.000000', 'Delectus distinctio est velit officiis.', 85.39, 32),
	('2021-05-28 04:32:00.000000', 'Incidunt velit ea accusantium quaerat nisi.', 524.77, 46),
	('2021-05-29 16:50:00.000000', 'Omnis voluptate qui voluptatem nobis quas sint repellat.', 420.77, 2),
	('2021-06-17 15:18:00.000000', 'Mollitia ratione id voluptatum.', 85.33, 6),
	('2021-06-24 12:58:00.000000', 'Aperiam rerum officia facilis.', 519.77, 45),
	('2021-07-11 12:17:00.000000', 'Esse nostrum sed voluptatem neque perspiciatis.', 650.43, 22),
	('2021-07-19 18:15:00.000000', 'Minima omnis asperiores sint impedit perspiciatis voluptas.', 949.56, 12),
	('2021-08-02 12:43:00.000000', 'Eum non quos ipsam ducimus.', 203.04, 36),
	('2021-08-11 22:24:00.000000', 'Quia id quis.', 597.49, 25),
	('2021-09-01 01:51:00.000000', 'Molestias sed ipsam ipsa inventore deserunt.', 908.14, 33),
	('2021-09-07 20:57:00.000000', 'Dolorem at voluptatem earum et.', 495.69, 38),
	('2021-10-01 03:15:00.000000', 'Delectus ipsa quos dignissimos ea.', 661.18, 41),
	('2021-10-03 15:52:00.000000', 'Minus quo rerum qui enim eligendi omnis sint.', 170.79, 47),
	('2021-10-08 11:07:00.000000', 'Nobis facilis qui facilis rerum eius.', 484.14, 10),
	('2021-10-09 05:57:00.000000', 'Nisi quia et officiis ut.', 142.64, 2),
	('2021-10-21 23:55:00.000000', 'Eum eius unde consequuntur doloremque molestiae culpa.', 178.64, 8),
	('2021-10-25 16:39:00.000000', 'Nostrum alias minus dignissimos molestiae.', 894.33, 23),
	('2021-11-02 18:47:00.000000', 'Nihil quos quia sit mollitia quasi soluta.', 628.94, 15),
	('2021-11-03 08:13:00.000000', 'Alias fugit placeat.', 473.68, 35),
	('2021-11-07 13:40:00.000000', 'Sed qui numquam delectus.', 796.05, 7),
	('2021-11-10 14:40:00.000000', 'Et velit qui corrupti mollitia nihil quia.', 990.2, 17),
	('2021-11-17 01:11:00.000000', 'Quo necessitatibus aliquid autem dolorem molestiae.', 888.75, 10),
	('2021-11-27 21:46:00.000000', 'Odit rem ut.', 473.87, 47),
	('2021-12-05 00:32:00.000000', 'Ex distinctio tempore ducimus laudantium dolorum voluptatem.', 894.17, 19),
	('2021-12-11 03:39:00.000000', 'A repellat deleniti velit.', 200.03, 21),
	('2021-12-12 18:58:00.000000', 'Atque saepe dolorem amet vero rem corrupti expedita.', 612.74, 36),
	('2021-12-19 21:14:00.000000', 'Ut magnam ut et impedit.', 753.83, 50),
	('2022-01-16 17:13:00.000000', 'Hic et ut labore enim recusandae dolore quos.', 238.88, 49),
	('2022-01-20 08:07:00.000000', 'Id ut voluptates quos omnis sed ex et.', 437.6, 12),
	('2022-02-04 16:44:00.000000', 'Odit et suscipit voluptate.', 162.1, 41),
	('2022-03-02 22:42:00.000000', 'Quae iste doloremque vel ducimus.', 372.29, 9),
	('2022-03-07 14:05:00.000000', 'Sapiente ducimus qui occaecati.', 71.95, 40),
	('2022-03-12 18:35:00.000000', 'Neque aut aut quia consequuntur pariatur itaque.', 582.69, 19),
	('2022-04-06 11:52:00.000000', 'Et hic assumenda similique aspernatur accusamus labore velit.', 128.22, 4),
	('2022-04-10 11:02:00.000000', 'Qui sit est quo animi sit odio quia.', 54.6, 8),
	('2022-04-23 16:51:00.000000', 'Eius omnis voluptatem rem.', 58.55, 34),
	('2022-05-03 17:41:00.000000', 'Et esse quae.', 419.24, 24),
	('2022-05-07 05:33:00.000000', 'Culpa ut reprehenderit debitis.', 309.07, 3),
	('2022-05-11 01:10:00.000000', 'Dolorem culpa dolorum.', 330.09, 49),
	('2022-05-12 05:57:00.000000', 'Repellendus velit recusandae quae.', 333.24, 29),
	('2022-06-11 21:37:00.000000', 'Deserunt qui et.', 359.76, 30),
	('2022-06-15 01:59:00.000000', 'Minus enim suscipit qui in amet.', 387.02, 24),
	('2022-06-27 10:24:00.000000', 'Quam hic autem molestiae.', 460.41, 1),
	('2022-06-30 09:12:00.000000', 'Distinctio vitae vero qui earum et qui soluta.', 401.55, 22),
	('2022-07-12 19:01:00.000000', 'Omnis beatae officia reiciendis consequatur totam minima qui.', 755.47, 20),
	('2022-07-26 06:16:00.000000', 'Aut voluptatem pariatur.', 235.59, 16),
	('2022-08-08 03:42:00.000000', 'Tenetur blanditiis odio.', 725.12, 8),
	('2022-08-19 02:21:00.000000', 'Ut ad ea veniam maiores optio.', 422.24, 44),
	('2022-09-03 11:22:00.000000', 'Quidem sapiente est.', 119.87, 9),
	('2022-10-10 14:32:00.000000', 'Aut sed placeat.', 160.23, 37),
	('2022-10-12 07:19:00.000000', 'Temporibus molestiae assumenda cupiditate quisquam quo aut quis.', 337.38, 26),
	('2022-10-13 22:16:00.000000', 'Autem provident laborum quam.', 827.65, 31),
	('2022-10-21 19:35:00.000000', 'Accusantium in a quia dolor.', 889.62, 20),
	('2022-10-22 12:54:00.000000', 'Quo alias doloremque.', 895.78, 15),
	('2022-10-28 17:17:00.000000', 'Laboriosam provident atque adipisci odit aut doloremque.', 584.82, 16),
	('2022-10-30 08:12:00.000000', 'Nam voluptatem rem voluptas nisi eligendi laborum ex.', 790.35, 37),
	('2022-11-03 03:10:00.000000', 'At eum iusto ea ut ut adipisci.', 269.9, 28),
	('2022-11-18 22:29:00.000000', 'Quia similique rerum occaecati repudiandae.', 652.72, 11),
	('2022-11-25 02:08:00.000000', 'Ut tenetur temporibus quia.', 948.51, 27),
	('2022-12-10 02:43:00.000000', 'Autem est eligendi quod eveniet iure velit.', 61.41, 14),
	('2022-12-14 19:03:00.000000', 'Dolorem voluptatem qui aliquam.', 414.56, 18),
	('2022-12-18 13:47:00.000000', 'Facere quis ut dolor iste ex.', 430.47, 44),
	('2022-12-25 15:10:00.000000', 'Odit sunt ratione in fugit hic.', 315.19, 29),
	('2023-01-06 03:59:00.000000', 'Ex odio ipsam.', 96.72, 34),
	('2023-01-10 03:17:00.000000', 'Fugiat nam qui aut aut iusto blanditiis itaque.', 52.63, 41),
	('2023-01-16 20:56:00.000000', 'Quos et architecto voluptate.', 519.28, 46),
	('2023-01-24 03:44:00.000000', 'Distinctio quia autem nobis nostrum voluptate.', 543.74, 39),
	('2023-02-05 05:40:00.000000', 'Deleniti pariatur voluptas.', 900.75, 4),
	('2023-02-27 16:58:00.000000', 'Necessitatibus eaque hic qui velit.', 897.09, 48),
	('2023-02-28 12:05:00.000000', 'Totam hic est commodi quisquam.', 683.54, 43),
	('2023-03-18 15:14:00.000000', 'Ut eos blanditiis.', 741.86, 3),
	('2023-03-25 13:37:00.000000', 'Aut quos sed saepe explicabo beatae minus.', 816.94, 39),
	('2023-03-25 21:46:00.000000', 'Dolorum libero quibusdam quos et eaque.', 122.29, 17),
	('2023-04-04 15:02:00.000000', 'Soluta explicabo eligendi voluptas aut.', 203.42, 23),
	('2023-04-19 18:58:00.000000', 'Repellat id illum minus magni perspiciatis.', 692.11, 6),
	('2023-04-27 13:03:00.000000', 'Sed vel itaque in id voluptatem aperiam consectetur.', 213.45, 32),
	('2023-05-07 05:30:00.000000', 'Temporibus sed ullam est cumque eveniet doloribus.', 409.63, 26),
	('2023-05-28 05:15:00.000000', 'In cumque aut vero debitis.', 804.33, 27),
	('2023-06-09 13:51:00.000000', 'Tenetur sapiente consequatur.', 126.2, 19),
	('2023-06-26 11:52:00.000000', 'Aut nihil ut sapiente natus tenetur dicta.', 156.61, 18),
	('2023-07-02 09:14:00.000000', 'Consequatur at eaque natus.', 443.61, 14),
	('2023-07-24 10:38:00.000000', 'Eum odit veniam.', 801.03, 4),
	('2023-07-25 16:32:00.000000', 'Eum quo sunt culpa qui consequatur explicabo.', 286.44, 5),
	('2023-07-28 16:28:00.000000', 'Facilis delectus nihil assumenda assumenda laboriosam est.', 529.26, 37),
	('2023-07-29 00:25:00.000000', 'Temporibus et aut reiciendis accusantium ipsa neque sit.', 123.1, 43),
	('2023-07-31 16:03:00.000000', 'Dolorem ut quos architecto reprehenderit et rerum voluptatibus.', 106.54, 22),
	('2023-07-31 18:26:00.000000', 'Perferendis autem aliquam accusamus sunt.', 211.27, 17),
	('2023-09-02 21:31:00.000000', 'Eaque sed neque ipsum repudiandae.', 123.18, 29),
	('2023-09-04 06:46:00.000000', 'Quibusdam ut harum quia eum illum.', 800.71, 21),
	('2023-09-06 07:34:00.000000', 'Asperiores veniam asperiores maxime nihil.', 615.99, 5),
	('2023-09-06 10:07:00.000000', 'Dolores commodi sed sunt.', 345.87, 13),
	('2023-09-11 04:02:00.000000', 'Fuga nihil et eos quia.', 920.35, 7),
	('2023-10-03 09:59:00.000000', 'Repudiandae sunt porro error.', 167.37, 6),
	('2023-10-11 09:51:00.000000', 'Est laborum quia hic non.', 751.53, 40),
	('2023-10-13 07:28:00.000000', 'Animi eum maxime temporibus minus.', 412.87, 13),
	('2023-10-30 11:16:00.000000', 'In in dicta minus.', 276.53, 40),
	('2023-11-02 10:01:00.000000', 'Eligendi quis nam aut praesentium.', 782.85, 34),
	('2023-11-17 08:10:00.000000', 'Cumque mollitia quisquam.', 744.38, 33),
	('2023-11-19 05:23:00.000000', 'Quo aut placeat sed id.', 218.38, 35),
	('2023-12-05 23:35:00.000000', 'Quis repellendus reiciendis eveniet vel in numquam odit.', 177.29, 31),
	('2023-12-08 08:52:00.000000', 'Atque doloremque et voluptatum occaecati voluptatem ipsam.', 541.98, 30);

/*!40103 SET TIME_ZONE=IFNULL(@OLD_TIME_ZONE, 'system') */;
/*!40101 SET SQL_MODE=IFNULL(@OLD_SQL_MODE, '') */;
/*!40014 SET FOREIGN_KEY_CHECKS=IFNULL(@OLD_FOREIGN_KEY_CHECKS, 1) */;
/*!40101 SET CHARACTER_SET_CLIENT=@OLD_CHARACTER_SET_CLIENT */;
/*!40111 SET SQL_NOTES=IFNULL(@OLD_SQL_NOTES, 1) */;
